Country,CountryCode,Year,LifeExpectancy,NCDMortality,HealthExpPC,HealthExpGDP,Physicians,UHCIndex,OOPExpenditure,OldAgeDependency,GDPPerCapita,GDPGrowth,Diabetes,AdultObesity,PM25,HospitalBeds,NursesMidwives,UrbanPopulation,Unemployment,Population,PopulationDensity,GovHealthExpShare,GovHealthExpPC,DPTImmunization,HealthExpGDP_Imputed,OOPExpenditure_Imputed,Diabetes_Imputed,HospitalBeds_Imputed,NursesMidwives_Imputed,GovHealthExpShare_Imputed,GovHealthExpPC_Imputed,DPTImmunization_Imputed
Saudi Arabia,SAU,2000,72.607,19.5,493.36984253,4.2115941,0.924,74.0,18.46246338,3.74619588112881,22247.8566987439,4.71813422138024,25.1,27.28,62.5985899878844,,2.256,79.9704860819453,4.57,16177722.0,7.52560694797855,72.05238342,355.48474212,95.0,0,0,0,0,0,0,0,0
Saudi Arabia,SAU,2001,72.951,19.2,482.10446167,4.46173573,0.849,75.0,18.03369141,3.72285747074235,21193.0922894351,0.344593196175438,25.35,27.98,59.7508629327144,,2.51775,80.155242811133,4.618,17041397.0,7.92737417953286,72.5404892,349.72093739,97.0,0,0,0,0,1,0,0,0
Saudi Arabia,SAU,2002,73.296,18.9,449.84130859,4.2493763,,76.0,18.45171165,3.68856997431791,20025.4319998275,-0.688390130317757,25.51,28.68,59.1641405359292,2.63,2.7795,80.3438134074234,5.265,17910910.0,8.33185715149626,72.31415558,325.29894699,95.0,0,0,0,0,1,0,0,0
Saudi Arabia,SAU,2003,73.657,18.7,457.08770752,3.97909737,,77.0,17.94919586,3.64823005034127,20765.9387688082,8.76873381743964,25.59,29.37,71.5848754228878,2.62,3.04125,80.5414456330177,5.563,18786767.0,8.73929124664486,72.37438965,330.81442372,95.0,0,0,0,0,1,0,0,0
Saudi Arabia,SAU,2004,74.027,18.6,471.45797729,3.58400965,,78.0,18.15097046,3.60593607614205,21545.894988606,8.63100545880309,25.6,30.06,68.2932433782135,2.6,3.303,80.7542316538166,5.822,19669480.0,9.1499146388549,71.47950745,336.99586025,96.0,0,0,0,0,1,0,0,0
Saudi Arabia,SAU,2005,74.4,18.5,545.73571777,3.4186728,,78.0,16.49158669,3.56591657052223,21838.1915349374,5.94489623934835,25.55,30.73,67.4821830709381,2.59,3.56475,80.9775503092999,6.051,20559890.0,9.56411854732543,72.49501038,395.63116988,96.0,0,0,0,0,1,0,0,0
Saudi Arabia,SAU,2006,74.762,18.7,634.81872559,3.61922002,,79.0,15.39395142,3.53183276701042,21616.3355772516,3.31348473625901,25.45,31.39,67.7907570198288,2.49,3.8265,81.2008588083072,6.254,21459144.0,9.9824365373612,72.98228455,463.30521541,96.0,0,0,0,0,1,0,0,0
Saudi Arabia,SAU,2007,75.066,18.7,662.00793457,3.56229162,,80.0,16.73869896,3.50469588492812,21196.7926036633,2.21365396372528,25.31,32.05,67.8152709042056,2.39,4.08825,81.4230015549063,5.734,22368313.0,10.4053668203322,70.38717651,465.96869269,96.0,0,0,0,0,1,0,0,0
Saudi Arabia,SAU,2008,75.301,18.1,663.14331055,2.97100711,1.971,80.0,19.36904335,3.48170058761576,21629.8405734551,6.2379875365458,25.13,32.71,69.9360488012175,2.31,4.35,81.6441431042994,5.085,23287877.0,10.8331326842475,63.59476471,421.7244215,98.0,0,0,0,0,0,0,0,0
Saudi Arabia,SAU,2009,75.447,17.1,760.19476318,4.29042768,1.937,81.0,18.35076332,3.45724466877924,20577.5453445336,-1.06671711240203,24.93,33.36,71.5273718285632,2.31,4.578,81.8644480116889,5.377,24217654.0,11.2656494657369,64.98739624,494.03079727,98.0,0,0,0,0,0,0,0,0
Saudi Arabia,SAU,2010,75.616,15.9,765.91680908,3.64786148,2.244,81.0,18.94513893,3.42487750628865,21830.1424272816,5.0395150823517,24.7,33.99,71.119486401735,2.31,5.159,82.0791668544465,5.55,23978487.0,11.1543929589848,61.93257141,474.35196483,98.0,0,0,0,0,0,0,0,0
Saudi Arabia,SAU,2011,75.808,14.1,954.38873291,3.68218255,2.27,81.0,15.62115383,3.37921953703596,23314.5576023168,11.758820686671,24.43,34.59,73.8628444969087,2.25,5.157,82.2543876159947,5.77,25091867.0,11.6723187994548,67.06874847,640.09655128,98.0,0,0,0,0,0,0,0,0
Saudi Arabia,SAU,2012,76.09,12.9,1093.15588379,3.98779845,2.273,81.0,15.15621376,3.31731776126942,23643.0358324647,5.76157382270968,24.14,35.14,74.6927141331945,2.26,5.162,82.4311918025358,5.622,26168861.0,12.1733184784783,68.28318787,746.44161677,98.0,0,0,0,0,0,0,0,0
Saudi Arabia,SAU,2013,76.517,12.5,1189.67932129,4.42293596,2.426,82.0,14.35986423,3.23950435605515,23057.3494468535,2.94563789152025,23.85,35.66,73.0199085667751,2.31,5.354,82.6071884619102,5.6,27624004.0,12.8502267768841,69.59436035,827.94963704,98.0,0,0,0,0,1,0,0,0
Saudi Arabia,SAU,2014,77.116,12.7,1363.59155273,5.15800905,2.371,82.0,13.13586998,3.15282799223454,23404.7306039825,4.02467158380668,23.58,36.15,63.4135301727035,2.34,5.546,82.7822571294871,5.877,28309273.0,13.1690025073383,71.36855316,973.17544705,98.0,0,0,0,0,0,0,0,0
Saudi Arabia,SAU,2015,77.776,12.9,1309.27148438,5.8620224,2.444,82.0,14.38336658,3.06466881460996,23256.1549553531,4.65512316652699,23.32,36.61,76.8126533634759,2.32,5.7675,82.9562773406163,5.6,29816382.0,13.8700845238151,68.47387695,896.50894357,98.0,0,0,0,0,1,0,0,0
Saudi Arabia,SAU,2016,78.354,13.1,1353.21813965,6.24142838,2.466,82.0,14.45141888,3.03777393943045,22783.0328538685,1.70404739202878,23.07,37.07,70.772740868008,2.31,5.989,83.129128630626,5.6,30954198.0,14.399377584675,69.59158325,941.72596034,98.0,0,0,0,0,0,0,0,0
Saudi Arabia,SAU,2017,78.721,13.8,1400.90356445,6.03126049,2.676,82.0,14.3235302,3.14281679377222,23035.1199977707,1.18210705878283,22.74,37.54,73.9893846909783,2.37,4.73,83.300690534822,5.89,30977355.0,14.4101498355577,71.84702301,1006.50740052,98.0,0,0,0,0,0,0,0,0
Saudi Arabia,SAU,2018,78.75,14.2,1488.9753418,5.34063101,2.899,80.0,15.89835358,3.30857818632274,24393.5188306638,3.2269508901591,22.33,38.0,72.6868758200635,2.48,6.078,83.4708425884849,6.029,30196281.0,14.0468072140634,70.29850006,1046.7272804,96.0,0,0,0,0,0,0,0,0
Saudi Arabia,SAU,2019,78.313,14.3,1504.55249023,5.46743011,2.633,80.0,11.40407372,3.4126633949533,24905.6697428558,1.65158925617395,21.92,38.44,71.1180092701773,2.53,6.531,83.6394643268678,5.636,30063799.0,13.9851787932213,73.78594971,1110.1483721,96.0,0,0,0,0,0,0,0,0
Saudi Arabia,SAU,2020,77.596,13.5,1574.70068359,6.64630127,3.076,81.0,10.08158016,3.50424445048,22827.671935548,-3.80478901996312,21.53,38.85,68.3959671214439,2.54,6.347,83.8064352851942,7.66,31552510.0,14.6777023663877,78.2905426,1232.84172529,95.0,0,0,0,0,0,0,0,0
Saudi Arabia,SAU,2021,77.089,13.6,1654.74353027,5.93033648,3.2,82.0,10.15629482,3.62806576251194,24922.6716948944,6.51959698325419,21.16,39.23,73.6731291479972,2.46,6.432,83.9716349986538,6.621,30784383.0,14.320382473752,76.9837265,1273.88326268,97.0,0,0,0,0,0,0,0,0
Saudi Arabia,SAU,2022,77.31,,1830.89074707,5.31400585,3.482,82.0,12.78343868,3.71973104337477,26706.917926066,12.0005874752929,20.81,39.55,77.7937502863318,2.44,6.233,84.1349430023993,5.589,32175224.0,14.9673785522564,77.13733673,1412.30034426,98.0,0,0,0,0,0,0,0,0
Saudi Arabia,SAU,2023,78.732,,1825.2545166,5.68722248,3.406,83.0,14.11603928,3.85794559170086,25634.8237547841,0.542592439393161,,39.8,73.5179752363051,2.41,6.557,84.2962388315415,4.008,33702731.0,15.6779493787476,77.76662445,1419.43889462,97.0,0,0,0,0,0,0,0,0
United Arab Emirates,ARE,2000,76.347,11.6,706.03112793,2.39504457,1.616,73.0,22.08343506,1.63707358305082,56939.3600767998,10.852837927302,25.33,25.52,56.1314285251562,1.97,3.051,79.287092479995,2.25,3493575.0,49.1914249507181,68.83045959,485.96447217,94.0,0,0,0,0,0,0,0,0
United Arab Emirates,ARE,2001,77.621,11.2,689.29278564,2.48436403,1.759,74.0,15.08593273,1.73384730303855,54169.4135701565,1.39892161061073,25.72,26.19,56.390498735709,1.98,3.298,79.7469002624215,2.443,3723590.0,52.4301605181639,77.01039886,530.82708996,94.0,0,0,0,0,0,0,0,0
United Arab Emirates,ARE,2002,78.721,11.5,754.26220703,2.71770859,1.761,74.0,28.04150772,1.83485394133533,52216.8318338175,2.43337487237925,26.04,26.83,48.9007592225192,1.95,3.339,80.2705602850306,2.659,3956826.0,55.7142495071811,61.22885132,461.82610881,94.0,0,0,0,0,0,0,0,0
United Arab Emirates,ARE,2003,79.6,10.7,784.89343262,2.64634395,1.838,74.0,27.45693016,1.94174670639302,53619.1662875958,8.80057809996346,26.3,27.42,60.7690769621445,1.95,3.502,80.8489432668434,2.903,4192457.0,59.0320613911574,61.27508163,480.94414437,94.0,0,0,0,0,0,0,0,0
United Arab Emirates,ARE,2004,80.272,10.4,821.74920654,2.46225643,1.762,74.0,30.40838051,2.0605743460485,55611.4376344125,9.56652626277928,26.52,27.98,61.1629888436701,1.76,3.079,81.4729199268812,2.965,4428967.0,62.3622500704027,57.10731125,469.27888475,94.0,0,0,0,0,0,0,0,0
United Arab Emirates,ARE,2005,80.779,9.8,898.36480713,2.3202107,1.494,71.0,30.13919067,2.19755536899655,55363.5818196998,4.85513657996815,26.71,28.49,56.3211849082399,1.31,2.951,82.2122832763517,3.12,4664790.0,65.6827654181921,56.84106064,510.64004829,94.0,0,0,0,0,0,0,0,0
United Arab Emirates,ARE,2006,81.155,9.3,1031.14904785,2.3254137,1.407,71.0,29.70960617,2.25436350690054,56629.9713117545,9.83727922860218,26.87,28.96,53.0567535809252,1.395,2.963,82.5588968646829,2.964,5009100.0,70.5308363841172,57.30421829,590.89190145,92.0,0,0,0,1,0,0,0,0
United Arab Emirates,ARE,2007,81.438,8.5,1176.49328613,2.56602693,1.541,72.0,28.87625122,2.0918992450882,52038.6229393122,3.18441281459761,27.0,29.39,54.6263917893835,1.48,3.269,82.758608500318,2.934,5624635.0,79.1979019994368,58.67370224,690.29218744,92.0,0,0,0,0,0,0,0,0
United Arab Emirates,ARE,2008,81.591,7.7,1465.82446289,2.92857623,1.845,72.0,25.13651848,1.90587357173737,47922.6941430472,3.19181235452885,27.09,29.78,56.2632916050896,1.4,3.17,82.9658963549658,2.818,6302664.0,88.7449169248099,63.91038895,936.81406947,92.0,0,0,0,0,0,0,0,0
United Arab Emirates,ARE,2009,81.679,7.6,1531.02209473,4.05000162,1.792,73.0,16.1003685,1.80359437165503,42672.1946222627,-5.2429219073683,27.24,30.23,55.8795640874537,1.37,3.452,83.1701992996163,2.932,6707058.0,94.439003097719,73.68283844,1128.10050761,93.0,0,0,0,0,0,0,0,0
United Arab Emirates,ARE,2010,81.886,8.0,1619.98864746,3.74433136,1.749,72.0,17.94574356,1.7403544703958,42328.84668186,1.60285004336325,27.37,30.67,55.5370145912635,1.27,3.269,83.3714299144178,2.798,6869838.0,96.7310335116868,70.85415649,1147.82942054,94.0,0,0,0,0,0,0,0,0
United Arab Emirates,ARE,2011,81.898,8.3,1787.59997559,3.56666398,1.786,74.0,16.88403702,1.75101155322922,43687.7919424546,6.73651167897515,27.4,30.97,57.1500411170482,1.26,3.549,83.5695007795347,2.587,7104538.0,100.035736412278,72.42097473,1294.59726634,95.0,0,0,0,0,0,0,0,0
United Arab Emirates,ARE,2012,81.913,8.3,1711.38525391,3.33596373,1.801,76.0,16.73880386,1.79561065593851,43958.5779670713,4.68325642918792,27.41,31.23,64.1373972820381,1.29,3.67,83.7643244751488,2.323,7391448.0,104.075584342439,72.54479218,1241.52078625,96.0,0,0,0,0,0,0,0,0
United Arab Emirates,ARE,2013,81.95,8.3,1789.68579102,3.50222182,2.045,79.0,17.15579414,1.81571015343272,44312.6320463505,4.9184505919085,27.39,31.44,55.8898306923373,1.25,3.923,83.9558135814626,2.125,7693031.0,108.322036046184,71.97173309,1288.0679343,98.0,0,0,0,0,0,0,0,0
United Arab Emirates,ARE,2014,81.99,8.4,1776.7310791,3.53405499,2.232,80.0,17.807827,1.83265726414651,44257.6652085451,4.63291785879667,27.36,31.6,50.625296563254,1.29,4.429,84.1438806787019,1.999,8059440.0,113.481272880879,70.97638702,1261.05950746,99.0,0,0,0,0,0,0,0,0
United Arab Emirates,ARE,2015,82.076,8.4,1479.49743652,3.46609354,2.361,81.0,17.78964996,1.84245439827462,44910.3458860776,7.08766622657654,27.34,31.76,58.4002194876441,1.43,5.321,84.3284383471193,1.793,8505237.0,119.75833568009,71.25105286,1054.15757799,99.0,0,0,0,0,0,0,0,0
United Arab Emirates,ARE,2016,82.195,8.4,1592.91906738,3.89580107,2.458,81.0,15.99159431,1.81781346515606,45168.4955973912,5.65790147196586,27.35,31.93,53.8883697624575,1.39,5.733,84.5093991669984,1.64,8935095.0,125.8109687412,76.27639771,1215.02139075,99.0,0,0,0,0,0,0,0,0
United Arab Emirates,ARE,2017,82.388,8.6,1695.203125,4.00854969,2.502,82.0,11.41661835,1.80887229441966,43293.0202360765,-1.06137114472548,27.24,32.01,55.7483527139541,1.46,5.839,84.686675718659,2.462,9223225.0,129.867994931005,54.81138992,929.16449253,97.0,0,0,0,0,0,0,0,0
United Arab Emirates,ARE,2018,82.449,8.7,1872.58422852,4.09854221,2.605,83.0,12.69611263,1.83531134154989,43377.802601486,1.53720634021511,27.0,32.0,58.2253146383654,1.6,5.901,84.8601805824625,2.236,9346701.0,131.606603773585,51.57845688,965.85004893,99.0,0,0,0,0,0,0,0,0
United Arab Emirates,ARE,2019,82.596,8.7,1962.46728516,4.40291262,2.71,84.0,12.23162079,1.86744698747682,43468.4534705013,1.27129120536284,26.74,31.94,55.0277222030034,1.83,5.987,85.0298263388195,2.331,9445785.0,133.001760067587,51.17391205,1004.27129642,99.0,0,0,0,0,0,0,0,0
United Arab Emirates,ARE,2020,81.936,9.6,2154.41113281,5.82477045,2.83,84.0,11.21054459,1.91077828079465,39878.4663896389,-8.69343363776639,26.51,31.9,47.9198581382905,1.91,6.249,85.1955255681984,4.294,9401038.0,132.371698113208,60.98609543,1313.89126482,90.0,0,0,0,0,0,0,0,0
United Arab Emirates,ARE,2021,79.083,11.6,2249.96313477,5.30494308,2.786,84.0,10.46759415,1.97775163351003,40935.8915482084,4.55280140106356,26.31,31.89,56.3065448613774,1.88,6.109,85.3571908511355,3.105,9575152.0,134.823317375387,64.10680389,1442.37937172,96.0,0,0,0,0,0,0,0,0
United Arab Emirates,ARE,2022,80.487,,2240.9050293,4.56536388,2.915,84.0,9.71845818,2.00249458778694,41828.5686923546,7.51452414254605,26.09,31.82,67.6947186324117,1.87,6.187,85.5147347682487,2.872,10074977.0,141.861123627147,65.76844788,1473.80843182,96.0,0,0,0,0,0,0,0,0
United Arab Emirates,ARE,2023,82.909,,2401.52026367,4.97095108,2.992,84.0,9.66616821,2.06871808394946,41926.5773498407,4.30113648499413,,31.71,57.1867315267375,,,85.6680699002526,2.151,10483751.0,147.616882568291,66.77935791,1603.71980058,96.0,0,0,0,0,0,0,0,0
Bahrain,BHR,2000,74.673,29.8,451.50253296,3.20020556,1.013,74.0,27.53905296,3.30876077740309,25407.9694054552,5.30006940305884,15.82,24.34,60.8389792785229,2.71,2.959,87.8356209595597,1.081,637582.0,898.002816901408,71.09094238,320.9773936,97.0,0,0,0,0,0,0,0,0
Bahrain,BHR,2001,74.942,28.9,457.59741211,3.3434751,1.06,75.0,26.7744503,3.2282226215004,25106.2869742612,2.49094875338352,16.13,25.07,58.7648643963331,2.64,3.094,87.8397146150894,1.118,661316.0,931.430985915493,71.68608856,328.03367074,99.0,0,0,0,0,0,0,0,0
Bahrain,BHR,2002,75.209,27.8,469.15478516,3.52897096,1.053,75.0,26.95469666,3.10884464195868,24149.0156013799,3.34855067103268,16.41,25.76,54.0853602970119,2.56,2.806,88.1427867595875,1.137,710553.0,1000.77887323944,71.25164032,334.28051575,98.0,0,0,0,0,0,0,0,0
Bahrain,BHR,2003,75.486,27.5,530.5446167,3.72810912,1.006,75.0,32.31951141,3.00989000359537,23857.6403579769,6.29644129075703,16.68,26.42,72.0270349169906,2.35,2.712,88.8325339694118,1.126,764517.0,1061.82916666667,65.96888733,349.99440765,97.0,0,0,0,0,0,0,0,0
Bahrain,BHR,2004,75.787,26.3,527.82989502,3.35499287,0.922,75.0,30.68171883,2.94421934359261,23688.1121059225,6.98096175867695,16.94,27.07,66.5082075307466,2.19,2.637,89.8569005979296,1.064,823741.0,1128.41232876712,67.33620453,355.42058588,98.0,0,0,0,0,1,0,0,0
Bahrain,BHR,2005,76.125,24.8,557.9574585,3.12594414,0.995,75.0,27.47366142,2.89328149644848,23439.6704353038,6.76899737789502,17.21,27.7,67.9241912376978,2.18,2.562,91.168165501421,1.021,888822.0,1201.11081081081,69.87419128,389.86822441,98.0,0,0,0,0,0,0,0,0
Bahrain,BHR,2006,76.51,23.2,578.29705811,2.98138189,0.977,75.0,26.69632721,2.83929215321887,23095.0181330228,6.4669995195042,17.48,28.3,57.907881750334,2.05,2.619,92.7186075361661,1.021,960424.0,1297.87027027027,69.40020752,401.33937878,98.0,0,0,0,0,0,0,0,0
Bahrain,BHR,2007,76.952,22.0,677.16290283,3.16071057,0.995,75.0,30.2359314,2.78666144421163,23112.4888058398,8.29396129093843,17.76,28.88,55.0005459330116,1.93,2.5835,94.460505558445,1.006,1039295.0,1385.72666666667,64.25352478,435.10104685,97.0,0,0,0,0,1,0,0,0
Bahrain,BHR,2008,77.457,20.9,734.99511719,3.07321215,0.984,75.0,27.9108448,2.74808185353024,23127.2148040048,6.24501094995797,18.05,29.45,58.0363788009494,1.88,2.548,96.3461384245376,1.015,1103496.0,1451.96842105263,65.20483398,479.25233874,97.0,0,0,0,0,0,0,0,0
Bahrain,BHR,2009,78.016,19.9,838.52880859,4.15054226,0.971,75.0,26.58000565,2.7270023061632,22206.9371985225,2.53988570158225,18.36,30.0,61.7249940251452,1.77,2.526,98.3277849907243,1.07,1178415.0,1550.54605263158,66.15504456,554.72910636,98.0,0,0,0,0,0,0,0,0
Bahrain,BHR,2010,78.593,19.5,866.67224121,3.92259479,0.971,75.0,26.74535942,2.77601197825002,22224.0736166249,4.3342989754845,18.67,30.54,57.4156022054003,1.76,2.516,100.0,1.13,1228543.0,1612.26115485564,65.20017242,565.07181689,99.0,0,0,0,0,0,0,0,0
Bahrain,BHR,2011,79.141,18.9,921.72064209,3.7181015,1.001,77.0,26.31511879,2.88830641934779,23288.0449398313,1.92815791170796,18.96,31.05,54.6856108835961,2.06,2.645,100.0,1.21,1195020.0,1558.0443285528,65.33170319,602.1758052,99.0,0,0,0,0,0,0,0,0
Bahrain,BHR,2012,79.622,18.0,1038.1661377,3.95061135,1.023,78.0,26.80383301,2.9589666574199,23894.8804447088,3.80302899043062,19.24,31.53,60.1462862483855,2.02,2.651,100.0,1.2,1208964.0,1570.08311688312,65.34840393,678.4250516,99.0,0,0,0,0,0,0,0,0
Bahrain,BHR,2013,79.998,16.6,1115.16906738,4.14491081,0.998,78.0,26.91797447,3.15698118162644,24271.6278814506,5.29262224906203,19.5,31.98,54.3108486816998,2.02,2.619,100.0,1.184,1253191.0,1627.52077922078,65.18132782,726.882032,99.0,0,0,0,0,0,0,0,0
Bahrain,BHR,2014,80.214,14.9,1122.16040039,4.2369051,0.974,79.0,26.14287376,3.40760985473819,24135.4991304849,4.30885692657077,19.78,32.43,49.8530353704297,1.95,2.537,100.0,1.144,1314562.0,1705.00907911803,64.98168182,729.19875542,99.0,0,0,0,0,0,0,0,0
Bahrain,BHR,2015,80.338,14.3,1128.24291992,4.75126362,0.927,79.0,25.89375496,3.36625827591475,23734.0551143019,2.50787205267615,20.09,32.85,59.1026648910356,1.89,2.498,100.0,1.164,1370322.0,1761.33933161954,65.0187912,733.56992119,98.0,0,0,0,0,0,0,0,0
Bahrain,BHR,2016,80.407,14.5,1095.92541504,4.62360859,0.83,78.0,27.98857307,3.27951147288891,23715.2791328712,3.81499327422425,20.41,33.21,55.8298463546878,1.81,2.313,100.0,1.19,1423726.0,1827.63286264442,61.36575699,672.52294297,99.0,0,0,0,0,0,0,0,0
Bahrain,BHR,2017,80.407,14.5,1080.08898926,4.30236721,0.76,78.0,31.99498177,3.3655938437504,23606.8867501313,4.95383534123657,20.63,33.48,55.7929970849719,1.74,2.194,100.0,1.18,1501116.0,1924.50769230769,56.88352966,614.39279359,97.0,0,0,0,0,0,0,0,0
Bahrain,BHR,2018,80.412,14.4,1041.8560791,3.94324946,0.729,77.0,30.00357628,3.58266646950194,24059.7838641562,2.05258864979861,20.77,33.73,60.1158397824297,1.81,2.182,100.0,1.188,1503091.0,1931.99357326478,58.83235168,612.94845343,99.0,0,0,0,0,0,0,0,0
Bahrain,BHR,2019,80.471,14.5,1030.26379395,3.78430986,0.687,76.0,29.97935486,3.90723397914868,24873.6640060134,2.05287774418655,20.91,33.96,55.3164475014708,1.93,2.0,100.0,1.217,1483756.0,1902.25128205128,58.27348709,600.37062918,99.0,0,0,0,0,0,0,0,0
Bahrain,BHR,2020,78.683,15.1,1101.14025879,4.55685711,0.741,78.0,26.24458504,4.26791907999961,23586.9309581516,-5.9113629524152,21.07,34.21,51.222597367969,1.99,2.648,100.0,1.765,1472204.0,1875.41910828025,62.96240997,693.30444194,98.0,0,0,0,0,0,0,0,0
Bahrain,BHR,2021,78.083,14.8,1176.92102051,4.32771444,,78.0,25.76650047,4.48469160322949,24086.7847803428,4.35004091668986,21.23,34.48,57.5337113311962,2.13,,100.0,1.548,1504365.0,1904.25949367089,63.7442131,750.21906439,98.0,0,0,0,0,0,0,0,0
Bahrain,BHR,2022,80.992,,1178.80664063,3.89098358,,78.0,27.89371109,4.51929731822383,25234.40256182,6.18016125475185,21.39,34.63,62.6696652208807,1.84,,100.0,1.265,1524693.0,1929.99113924051,61.15903091,720.94673098,97.0,0,0,0,0,0,0,0,0
Bahrain,BHR,2023,81.284,,1175.81628418,3.99562383,,78.0,28.65578461,4.70204200719243,25342.6226641572,3.87811614845566,,34.75,56.5654845582004,,,100.0,1.049,1577059.0,1971.32375,59.2651329,696.84904765,99.0,0,0,0,0,0,0,0,0
Kuwait,KWT,2000,76.2258780487805,17.4,425.20968628,2.20362997,,79.0,25.49419594,2.233707259419,31341.9780819419,4.69458187079211,20.89,35.44,61.8597974661704,2.34,,99.0,0.8,1954709.0,109.691863075196,72.54471588,308.46713216,98.0,0,0,0,0,0,0,0,0
Kuwait,KWT,2001,76.3843414634146,14.6,553.75134277,3.18719625,,79.0,19.64636612,2.27658455459055,30573.4284224199,0.213332576499354,21.34,36.17,62.1348569863305,2.34,4.58,99.2347539628831,0.8,2008121.0,112.689169472503,78.88748932,436.84051073,99.0,0,0,0,0,0,0,0,0
Kuwait,KWT,2002,76.5316341463415,15.8,578.41534424,3.12441754,,79.0,21.53982162,2.30252229515324,30702.2162068121,3.01428315192251,21.78,36.85,56.8932235999752,2.28,4.4978,99.5090276880805,1.1,2059974.0,115.59898989899,76.80326843,444.24190552,99.0,0,0,0,0,1,0,0,0
Kuwait,KWT,2003,76.6445609756098,14.8,626.35095215,2.76042604,1.9,79.0,20.82116699,2.31079336997346,35169.6335737863,17.3260204175143,22.19,37.47,66.9381193644789,2.23,4.4156,99.7655794280652,1.3,2109881.0,118.399607182941,76.89358521,481.62373656,99.0,0,0,0,0,1,0,0,0
Kuwait,KWT,2004,76.7276829268293,15.2,649.42504883,2.35702467,1.5,79.0,21.55590057,2.30399094614909,37918.5405829238,10.2402980586354,22.58,38.02,58.3437843818978,2.2,4.3334,99.94716743531,1.7,2157320.0,121.061728395062,76.26428986,495.27940642,98.0,0,0,0,0,1,0,0,0
Kuwait,KWT,2005,76.8007804878049,15.7,727.25366211,2.013309,1.8,79.0,21.47368431,2.29865804515088,40451.2551656974,10.6090449840228,22.96,38.51,67.9496135382994,2.47,4.2512,100.0,1.455,2236788.0,125.521212121212,76.21052551,554.24386549,99.0,0,0,0,0,1,0,0,0
Kuwait,KWT,2006,76.8876829268293,15.6,782.20379639,1.8213098,1.46,80.0,21.23933411,2.3107692501571,41137.969927672,7.51477300024021,23.32,38.95,58.6612505040327,2.45,4.169,100.0,1.3,2364733.0,132.701066217733,76.52494812,598.58104611,99.0,0,0,0,0,0,0,0,0
Kuwait,KWT,2007,77.0101707317073,15.0,880.71105957,1.92673647,1.879,80.0,21.34607697,2.33495666777589,41113.8693942735,5.99157551059315,23.67,39.34,57.6409882486737,2.43,4.319,100.0,1.5,2507887.0,140.734399551066,76.42373657,673.07227255,99.0,0,0,0,0,0,0,0,0
Kuwait,KWT,2008,77.1890487804878,16.3,1069.46472168,1.92400301,1.884,80.0,19.80873489,2.36030106908677,39852.5129115699,2.47975694278544,24.0,39.69,61.8510909578466,2.45,4.684,100.0,1.75,2651421.0,148.789057239057,78.0923233,835.16998618,99.0,0,0,0,0,0,0,0,0
Kuwait,KWT,2009,77.4333658536585,14.8,1025.90490723,2.70638776,1.91,81.0,16.72038269,2.38334979680195,35124.0853941026,-7.07605643073411,24.34,40.01,67.5104915176752,2.52,4.849,100.0,1.64,2795484.0,156.873400673401,81.58335114,836.96754193,99.0,0,0,0,0,0,0,0,0
Kuwait,KWT,2010,77.7262195121951,13.1,1050.41589355,2.67879915,2.47,81.0,14.33214474,2.41306997103123,32568.4981754501,-2.37054804425912,24.65,40.32,63.8134338878411,2.5,6.637,100.0,1.82,2943372.0,165.172390572391,84.20078278,884.45843716,98.0,0,0,0,0,0,0,0,0
Kuwait,KWT,2011,78.052243902439,11.7,1147.15539551,2.33303547,2.484,82.0,14.01463985,2.46627888776336,33545.346271839,9.62863419534361,24.95,40.53,64.3121796188421,2.54,6.574,100.0,2.051,3132814.0,175.803254769921,84.47299194,969.0364226,99.0,0,0,0,0,0,0,0,0
Kuwait,KWT,2012,78.3950243902439,11.8,1216.8684082,2.33311439,2.475,82.0,14.95504665,2.57098746566713,33578.3309651964,6.62587485078971,25.23,40.64,66.1535213079572,2.39,6.444,100.0,2.227,3337109.0,187.267620650954,83.46147919,1015.61634347,98.0,0,0,0,0,0,0,0,0
Kuwait,KWT,2013,78.7418048780488,11.1,1235.29321289,2.48789287,2.547,83.0,14.48544121,2.72817028305428,32311.1800008536,1.14946552780648,25.49,40.73,63.4043662980261,2.29,6.239,100.0,2.465,3507844.0,196.848709315376,83.9683609,1037.25550534,99.0,0,0,0,0,0,0,0,0
Kuwait,KWT,2014,79.0803414634146,10.8,1293.8326416,2.9159987,2.67,83.0,13.92933083,2.92391939998115,31073.1537300624,0.500914669444924,25.75,40.77,50.584892373606,2.25,6.707,100.0,2.9,3665876.0,205.716947250281,84.58882904,1094.43784233,95.0,0,0,0,0,0,0,0,0
Kuwait,KWT,2015,79.3765609756098,11.5,1259.55786133,4.21497965,2.647,83.0,13.69551945,3.17860585253017,29882.2126495698,0.592770817217982,26.02,40.77,66.6114667077254,2.18,7.154,100.0,2.2,3834574.0,215.183726150393,84.85922241,1068.85099257,99.0,0,0,0,0,0,0,0,0
Kuwait,KWT,2016,79.6775853658537,10.5,1292.71984863,4.73096323,2.106,83.0,13.28215694,3.48298367007297,29454.4426388829,2.92607584256388,26.29,40.72,57.0433246020645,2.08,7.007,100.0,2.16,4004096.0,224.696745230079,85.31620789,1102.89951181,99.0,0,0,0,0,0,0,0,0
Kuwait,KWT,2017,79.9160731707317,10.5,1351.72387695,4.65326786,2.106,83.0,12.92664242,3.85359144128218,27048.3706935958,-4.71222270495362,26.48,40.6,61.9128670145551,2.05,7.175,100.0,2.23,4154812.0,233.1544332211,85.70923615,1158.55218715,99.0,0,0,0,0,0,0,0,0
Kuwait,KWT,2018,80.1063658536585,9.9,1658.60375977,5.17201853,2.03,80.0,10.6470356,4.28542787653704,26706.0191660864,2.74333045031415,26.56,40.42,64.5155749200156,2.01,7.095,100.0,2.202,4323515.0,242.621492704826,88.22940826,1463.37627262,91.0,0,0,0,0,0,0,0,0
Kuwait,KWT,2019,81.969756097561,10.1,1643.16491699,5.18200397,2.087,83.0,10.7205658,4.76550252945172,26580.2264741607,2.26381706595791,26.58,40.3,57.825909998705,2.0,4.956,100.0,2.213,4442316.0,249.288215488215,88.14811707,1448.41896689,92.0,0,0,0,0,0,0,0,0
Kuwait,KWT,2020,78.7609756097561,11.0,1542.72143555,6.11295223,2.273,83.0,10.39933586,5.30055713942474,25541.5378987908,-4.81731593381585,26.59,40.27,56.6337832700639,2.33,4.545,100.0,3.489,4400267.0,246.928563411897,88.50325012,1365.35850189,93.0,0,0,0,0,0,0,0,0
Kuwait,KWT,2021,78.7365853658537,9.3,1829.13134766,5.37273169,,83.0,9.99747276,4.4756090906856,26203.2617257856,1.67213054307859,26.68,40.48,61.9693860366375,,,100.0,2.97,4360865.0,244.717452300786,88.9475174,1626.96696115,94.0,0,0,0,0,0,0,0,0
Kuwait,KWT,2022,80.5878048780488,,1683.39929199,4.20024538,,84.0,10.7516222,3.51955792355631,26579.8321646876,6.75866711966617,26.77,40.71,74.5017071155815,,,100.0,2.133,4589643.0,257.555723905724,88.11378479,1483.30686037,96.0,0,0,0,0,0,0,0,0
Kuwait,KWT,2023,83.1878048780488,,1679.12353516,4.96311998,,84.0,10.00349617,3.7641480591169,24722.8143701857,-1.64087799968877,,40.53,62.3484361793193,,,100.0,2.08,4853420.0,272.358024691358,88.54973602,1486.85936485,99.0,0,0,0,0,0,0,0,0
Oman,OMN,2000,73.643,30.0,261.88265991,2.68485427,1.428,73.0,11.74951649,4.16134047331145,19881.7364316776,6.19241063695442,16.73,18.14,46.0919910220633,1.99,3.431,71.5400835229196,4.433,2282131.0,7.37360581583199,81.7517395,214.09362174,99.0,0,0,0,0,0,0,0,0
Oman,OMN,2001,73.979,29.4,259.59085083,2.70073724,1.47,73.0,11.26713276,4.11967872783074,20546.0554077598,4.61316649389876,16.99,18.76,44.4125040083418,1.94,3.4825,71.5179623016414,4.298,2310217.0,7.464352180937,82.02848816,212.93844389,99.0,0,0,0,0,1,0,0,0
Oman,OMN,2002,74.276,28.9,274.11166382,2.77737164,1.513,73.0,10.14918995,4.05138935707806,20150.1131971413,-0.784165786429256,17.23,19.4,41.7248672675478,1.91,3.534,71.5013318111475,4.335,2337140.0,7.5513408723748,83.46998596,228.8009488,99.0,0,0,0,0,1,0,0,0
Oman,OMN,2003,74.521,28.4,290.38589478,2.77524447,1.576,73.0,10.57715225,3.96928497644892,19485.6441506077,-2.19466567976842,17.45,20.04,46.1256283881511,1.9,3.5855,71.4926171971641,4.599,2363796.0,7.63746688206785,82.8730011,240.6515098,99.0,0,0,0,0,1,0,0,0
Oman,OMN,2004,74.82,28.1,306.42941284,2.59660101,1.61,73.0,11.15068245,3.92594246368793,19534.8601445269,1.99251510973346,17.66,20.68,47.8913466801975,1.86,3.637,71.5428923484265,4.693,2404821.0,7.77001938610662,81.91400909,251.00861602,99.0,0,0,0,0,0,0,0,0
Oman,OMN,2005,75.07,27.8,326.909729,2.26479053,1.7,73.0,10.54691696,3.91074581582154,19629.0451546015,2.77944360306151,17.89,21.29,46.1222426864483,1.85,3.771,71.8577803438712,4.589,2459802.0,7.94766397415186,82.34389496,269.19018355,99.0,0,0,0,0,0,0,0,0
Oman,OMN,2006,75.354,27.4,341.97601318,2.01985121,1.821,73.0,11.47766304,3.88509008098498,20096.3965576134,4.66981481939328,18.13,21.89,43.7212899961108,1.81,3.823,72.3920261203777,4.387,2514795.0,8.12534733441034,80.68894958,275.93684316,98.0,0,0,0,0,0,0,0,0
Oman,OMN,2007,75.596,26.3,397.21173096,2.11371112,1.91,73.0,11.26973057,3.85541557443536,20642.7489563377,4.98065467051528,18.39,22.51,45.0587488715285,1.77,4.044,73.0679250158092,4.309,2570174.0,8.30427786752827,81.14011383,322.29803617,99.0,0,0,0,0,0,0,0,0
Oman,OMN,2008,76.124,26.3,466.60375977,1.75567567,1.978,74.0,12.44921112,3.83312872221798,22007.7338963517,8.95005895005896,18.69,23.13,46.8065241755625,1.75,4.277,73.807772368029,4.142,2626529.0,8.48636187399031,78.83358002,367.8404796,99.0,0,0,0,0,0,0,0,0
Oman,OMN,2009,76.631,24.9,510.08691406,2.4694581,2.072,74.0,11.49723816,3.82545397180761,22819.1977324647,5.98196694904402,19.02,23.75,46.4381413133276,1.73,4.508,74.5338635149003,3.977,2684659.0,8.67418093699515,81.29703522,414.68549378,98.0,0,0,0,0,0,0,0,0
Oman,OMN,2010,77.184,26.9,583.57073975,2.47588587,2.126,74.0,10.4072876,3.81898521572021,22766.0503620721,2.47199856582773,19.38,24.36,45.0654087266367,1.7,4.666,75.1579724666274,3.911,2757446.0,8.90935702746365,82.71356201,482.69214831,99.0,0,0,0,0,0,0,0,0
Oman,OMN,2011,77.74,25.5,563.23632813,2.23611403,2.057,76.0,10.83927441,3.68485085224383,20993.9079436935,2.89460973541192,19.78,24.66,48.1917051076879,1.52,4.628,75.6585803514688,3.95,3076763.0,9.94107592891761,81.82298279,460.85679046,99.0,0,0,0,0,0,0,0,0
Oman,OMN,2012,78.187,23.7,561.1171875,2.27702832,1.989,75.0,10.24428463,3.52089130176073,19824.1215485946,8.86312225557018,20.19,24.9,54.1182539525814,1.31,4.406,76.088156621068,3.753,3547106.0,11.4607625201939,82.73907471,464.26314757,98.0,0,0,0,0,0,0,0,0
Oman,OMN,2013,78.633,22.5,587.71075439,2.5054009,2.001,74.0,6.97031879,3.41490656913773,19299.9400516869,5.22770408145942,20.58,25.36,47.6879064979335,1.26,4.416,76.4914234214313,3.553,3833913.0,12.3874410339257,87.54677582,514.52179935,98.0,0,0,0,0,0,0,0,0
Oman,OMN,2014,79.03,22.8,726.64660645,3.13740134,2.162,74.0,5.68407965,3.40510028381366,18726.2026946971,1.29225229411081,20.97,25.92,41.5793397713907,1.22,4.696,76.8892576748951,3.453,4002439.0,12.9319515347334,89.93782043,653.53012621,99.0,0,0,0,0,0,0,0,0
Oman,OMN,2015,79.346,22.3,767.04455566,4.07826233,2.13,75.0,5.30148888,3.42515108623477,18808.3077921839,5.01705799719045,21.38,26.46,46.8966290907909,1.19,4.619,77.3025363037955,3.403,4184895.0,13.5214701130856,90.21833801,692.01485577,99.0,0,0,0,0,0,0,0,0
Oman,OMN,2016,79.581,21.9,714.48864746,4.17580843,1.964,75.0,5.56049776,3.38580377196919,18830.6057208608,5.04642394571691,21.81,26.96,45.2571660471688,1.15,4.5,77.7521362304688,3.266,4390877.0,14.1870016155089,89.86612701,642.08332592,99.0,0,0,0,0,0,0,0,0
Oman,OMN,2017,79.748,21.3,704.6295166,3.95418668,2.013,74.0,5.93687487,3.3925686117624,18277.945563615,0.304057565922449,22.15,27.42,45.9592061206611,1.11,4.394,78.3142260040136,2.523,4537396.0,14.6604071082391,89.19998169,628.52938966,99.0,0,0,0,0,0,0,0,0
Oman,OMN,2018,79.864,20.6,639.78082275,3.21469474,2.104,75.0,6.4967432,3.46627798738835,18269.6769435562,1.28710391543288,22.38,27.87,50.482984007318,1.09,4.408,78.9655839720276,1.8,4597877.0,14.8558222940226,86.43023682,552.9640446,99.0,0,0,0,0,0,0,0,0
Oman,OMN,2019,79.946,20.3,730.08325195,3.80648994,2.091,74.0,5.9613471,3.5566973448355,18089.586668488,-1.12863801728058,22.61,28.38,45.6314297510403,1.1,4.427,79.5780017545962,2.045,4591241.0,14.8343812600969,87.54851532,639.17703908,99.0,0,0,0,0,0,0,0,0
Oman,OMN,2020,77.763,17.7,859.24987793,5.11922932,2.003,73.0,5.20750856,3.62910560982659,17743.8858800477,-3.37972052697999,22.84,28.96,42.0392152380277,1.16,4.447,80.0176378922722,2.94,4522497.0,14.612268174475,89.12306213,765.78978619,99.0,0,0,0,0,0,0,0,0
Oman,OMN,2021,75.969,14.6,843.01953125,4.34468651,2.006,73.0,5.46900749,3.70147491178543,18291.3387983888,2.5821749892893,23.1,29.47,45.7566725913839,1.15,4.527,80.1239942103569,1.9,4500424.0,14.5409499192246,88.57686615,746.72026641,99.0,0,0,0,0,0,0,0,0
Oman,OMN,2022,77.911,,712.06097412,3.06614041,1.992,73.0,6.90292358,3.7366253969726,18792.4460565306,7.98570728354278,23.37,29.79,52.137724533898,1.05,4.661,80.0117053152301,3.3,4730226.0,15.2834442649435,85.58184052,609.39487937,99.0,0,0,0,0,0,0,0,0
Oman,OMN,2023,80.031,,732.04089355,3.49047446,,73.0,6.31094599,3.68933388041805,17853.9644897801,1.41401383200161,,30.1,46.8557577090985,0.99,,79.5702973228932,3.176,5049269.0,16.3142778675283,85.34009552,624.72444486,99.0,0,0,0,0,0,0,0,0
Qatar,QAT,2000,75.25,28.8,553.08605957,1.97258496,,81.0,30.03434944,1.65235300175059,54948.2228055384,8.02812548837973,18.77,26.01,109.397429696323,2.08,,96.2942718926638,0.87,644989.0,55.5546080964686,59.51539612,329.17134831,80.0,0,0,0,0,0,0,0,0
Qatar,QAT,2001,75.486,28.6,598.73602295,2.3197093,2.217,81.0,27.41547394,1.62178988326848,54316.5419511925,3.89814748805541,19.17,26.85,104.611838805936,2.12,4.936,96.4674307551724,0.87,677925.0,58.3914728682171,63.04549408,377.47610865,93.0,0,0,0,0,0,0,0,0
Qatar,QAT,2002,75.766,28.8,668.85986328,2.46044064,,81.0,27.51289368,1.58190798752911,55493.6049997751,7.18252331136711,19.57,27.71,94.0591125842585,2.05,5.18,96.6424497593905,0.87,711205.0,61.2579672695952,62.91417694,420.80767892,96.0,0,0,0,0,1,0,0,0
Qatar,QAT,2003,76.097,28.4,1115.45336914,3.50257182,,82.0,18.53093338,1.53488755078479,54970.419888684,3.7199194981967,19.96,28.56,124.657449236908,1.97,5.424,96.8311182064009,0.87,744682.0,64.1414298018949,75.02135468,836.82817329,92.0,0,0,0,0,1,0,0,0
Qatar,QAT,2004,76.484,27.5,1261.61999512,3.18311739,,82.0,18.55573273,1.5082236065087,63107.0086346445,19.2185032411244,20.34,29.47,117.675164345887,2.0,5.668,97.0472579559041,0.87,773332.0,66.6091300602929,74.98792267,946.06261027,96.0,0,0,0,0,1,0,0,0
Qatar,QAT,2005,76.909,26.7,1386.015625,2.56300044,2.605,82.0,18.61186028,1.51813169629746,63555.6239820478,7.49272803754515,20.73,30.32,120.054909720744,2.01,5.912,97.3016654918171,0.87,825408.0,71.0945736434109,74.91226959,1038.29566227,97.0,0,0,0,0,0,0,0,0
Qatar,QAT,2006,77.323,25.1,1378.9296875,2.288064,2.378,82.0,18.66810036,1.44833252993791,68036.6212164734,26.17039955781,21.13,31.07,97.0259188382572,2.2,6.358,97.5827378795062,0.87,972831.0,83.7925064599483,74.8364563,1031.94216596,96.0,0,0,0,0,0,0,0,0
Qatar,QAT,2007,77.741,24.0,1301.49682617,2.07008052,,82.0,18.72445297,1.30332952840617,64614.0465071968,17.9852165615129,21.55,31.86,90.6061253383008,1.68,6.1325,97.8663125111735,0.52,1208595.0,104.099483204134,74.76049805,973.0054566,94.0,0,0,0,0,1,0,0,0
Qatar,QAT,2008,78.262,22.7,1292.60046387,1.63775349,3.231,81.0,18.78091812,1.17577436685721,64393.5954479866,17.6630346842674,21.97,32.7,96.8904387283982,1.43,5.907,98.1295193937322,0.31,1426938.0,122.905943152455,74.68438721,965.37072043,97.0,0,0,0,0,0,0,0,0
Qatar,QAT,2009,78.837,21.4,1325.43005371,2.38356304,3.232,80.0,19.3805542,1.05270233540932,63939.8050831437,11.9575512911227,22.4,33.57,105.250019101085,1.27,4.789,98.3494885340955,0.31,1608903.0,138.579069767442,71.01411438,941.24246618,99.0,0,0,0,0,0,0,0,0
Qatar,QAT,2010,79.444,20.0,1309.79272461,1.87017763,4.048,80.0,18.7262249,1.01172351399255,74271.9022959058,16.7315558489187,22.81,34.44,98.6377411775607,1.22,6.211,98.5066232166665,0.45,1616832.0,139.262015503876,70.99030304,929.82581583,97.0,0,0,0,0,0,0,0,0
Qatar,QAT,2011,79.994,18.6,1482.28308105,1.599962,,82.0,16.8867054,1.09399419513284,83533.4963791019,13.0214050496923,23.18,35.25,98.0607408213711,1.22,6.21025,98.6300610210909,0.56,1624761.0,139.94496124031,73.54415894,1090.13270614,93.0,0,0,0,0,1,0,0,0
Qatar,QAT,2012,80.499,17.5,1712.67089844,1.74822152,,82.0,10.88382721,1.21928841280827,82441.7405083009,4.62623675511804,23.52,36.03,107.019658452499,1.31,6.2095,98.7428010471968,0.48,1722438.0,148.358139534884,79.14241791,1355.44908886,92.0,0,0,0,0,1,0,0,0
Qatar,QAT,2013,80.974,16.4,2029.8659668,2.07620168,,82.0,6.90943241,1.28724244159946,77379.6735599552,4.43070196521455,23.85,36.76,97.360364620788,1.18,6.20875,98.8357621827901,0.28,1916426.0,165.066838931955,84.17029572,1708.5442746,97.0,0,0,0,0,1,0,0,0
Qatar,QAT,2014,81.395,15.5,2252.4140625,2.42293572,1.927,82.0,5.6476922,1.25601702909944,71756.0649338302,4.11911527912761,24.17,37.36,90.7022898024857,1.08,6.208,98.901627838826,0.2,2151745.0,187.271105308964,86.74364471,1953.82613322,89.0,0,0,0,0,0,0,0,0
Qatar,QAT,2015,81.785,14.6,2422.64453125,3.63581347,,82.0,5.31610537,1.23629937131282,68985.2946961507,4.75334572438737,24.51,37.93,109.454607666153,1.01,5.634,98.9382407681154,0.17,2344557.0,204.051958224543,87.8764267,2128.93331369,99.0,0,0,0,0,1,0,0,0
Qatar,QAT,2016,82.147,14.1,2072.06103516,3.54971433,2.751,81.0,6.27973223,1.27473901889581,67294.4585771356,3.06419188430156,24.85,38.57,106.116597718857,1.01,5.06,98.9855265345423,0.15,2477113.0,215.588598781549,85.80706787,1777.97488465,98.0,0,0,0,0,0,0,0,0
Qatar,QAT,2017,82.458,13.7,1911.95361328,3.21237087,,80.0,6.88137674,1.31841859894322,64497.6987225375,-1.49760470227838,25.1,39.19,107.664866223184,0.94,6.083,99.0310125265978,0.14,2545820.0,221.568320278503,84.43958282,1614.44557121,97.0,0,0,0,0,0,0,0,0
Qatar,QAT,2018,82.714,13.4,1966.55712891,2.96176219,2.504,82.0,6.73806286,1.34779205546161,64410.8171280981,1.23487220191065,25.25,39.71,107.786961140147,1.03,7.251,99.0755684762244,0.11,2580734.0,224.606962576153,84.66618347,1665.00888376,98.0,0,0,0,0,0,0,0,0
Qatar,QAT,2019,82.945,12.9,2007.51525879,3.18468714,,83.0,6.3903017,1.39086324092541,63430.4607609581,0.688240954592672,25.38,40.17,99.8585340961987,1.12,7.498600000000001,99.1191696672067,0.1,2638657.0,229.648128807659,85.47602081,1715.94417918,98.0,0,0,0,0,1,0,0,0
Qatar,QAT,2020,80.409,12.0,1967.15197754,3.81872201,,83.0,5.89859581,1.49682254739773,57769.604104354,-3.5576039896784,25.52,40.67,99.1991402350416,1.21,7.746200000000001,99.1617913833034,0.14,2794148.0,243.180852915579,86.67664337,1705.06127011,89.0,0,0,0,1,1,0,0,0
Qatar,QAT,2021,81.083,12.1,1847.00231934,2.8927927,,84.0,6.55757952,1.56804512144536,65488.5117911123,1.62684671918775,25.68,41.16,107.889879004395,1.3,7.9938,99.203408908243,0.14,2504910.0,218.007832898172,85.02615356,1570.43502859,98.0,0,0,0,0,1,0,0,0
Qatar,QAT,2022,81.857,,1781.50390625,2.18613315,,84.0,7.7333827,1.66876130835654,64315.6263643699,4.18500970982862,25.84,41.48,111.914953972534,1.25,8.2414,99.243997525719,0.13,2657333.0,231.273542210618,82.19351959,1464.28085894,98.0,0,0,0,0,1,0,0,0
Qatar,QAT,2023,82.368,,1804.35424805,2.52358818,3.022,84.0,7.42945814,1.88799451620225,65111.033321485,1.18715991623776,,41.73,107.758571527846,,8.489,99.2835325193835,0.13,2656032.0,231.160313315927,83.0215683,1498.00321148,95.0,0,0,0,0,0,0,0,0
Jordan,JOR,2000,71.926,24.7,151.33486938,9.34367943,1.778,75.0,39.10034561,4.70728071261874,3725.49544709257,4.24571192079151,17.12,29.93,20.3251403985306,,2.89,78.2848247546539,13.7,5386945.0,61.0487873980054,44.98270035,68.0745111,91.0,0,0,0,0,0,0,0,0
Jordan,JOR,2001,72.141,24.5,161.33900452,9.57236385,1.933,75.0,38.47376633,4.8419011455741,3841.98511846743,5.26995757513606,17.41,30.63,23.0049173481187,,2.894,78.2902365290261,14.7,5498894.0,62.3174750679964,45.62797928,73.61572995,99.0,0,0,0,0,0,0,0,0
Jordan,JOR,2002,72.359,24.1,164.75001526,9.2786417,2.086,75.0,39.48170853,4.98186432007814,3979.40388653953,5.78380792679309,17.67,31.31,24.1994168948282,,2.672,78.2972918926847,15.3,5616066.0,63.6453535811423,47.408535,78.10557183,95.0,0,0,0,0,0,0,0,0
Jordan,JOR,2003,72.585,23.3,161.87841797,8.78901005,2.155,75.0,42.03338242,5.11937262177061,4054.22612609768,4.16166755544363,17.9,31.95,28.4351735211196,1.7,2.819,78.3069420335538,14.5,5741828.0,65.0705802357208,46.58573532,75.41225436,97.0,0,0,0,0,0,0,0,0
Jordan,JOR,2004,72.788,23.1,175.04393005,8.74670506,1.938,75.0,40.68493271,5.24495041545233,4296.62367370886,8.56721424236906,18.11,32.56,26.9381957904774,1.67,3.094,78.3185350370311,14.626,5882061.0,66.6598028105168,39.31506729,68.81864234,95.0,0,0,0,0,0,0,0,0
Jordan,JOR,2005,72.977,22.8,185.0302124,8.49441624,2.141,75.0,40.07585526,5.35744539440582,4532.96248258538,8.1465948107994,18.3,33.12,25.1814261494981,1.68,2.89,78.412126230667,14.8,6029587.0,68.3316749773345,51.70669937,95.67301732,95.0,0,0,0,0,0,0,0,0
Jordan,JOR,2006,73.225,22.1,188.72041321,7.67925692,2.136,76.0,39.1860466,5.45034111903121,4596.56909353547,8.09297527811921,18.48,33.63,27.3761480740913,1.71,3.083,78.755612573541,14.0,6427371.0,72.839653218495,51.27906799,96.7740653,98.0,0,0,0,0,0,0,0,0
Jordan,JOR,2007,73.407,20.7,208.03627014,7.90982628,2.238,75.0,36.04766464,5.52191228560603,4681.17006766931,8.17616995204655,18.66,34.12,28.7001251086227,1.62,2.765,79.3358270749644,13.1,6827227.0,77.3711128739801,56.70307922,117.96296253,98.0,0,0,0,0,0,0,0,0
Jordan,JOR,2008,73.563,19.7,275.17532349,8.48880577,2.085,75.0,31.94139099,5.58814724910368,4902.38348073849,7.22038637280149,18.82,34.58,29.5833642827365,1.6,2.773,80.1290966207551,12.7,6989866.0,79.2142565729828,60.5128212,166.51634202,97.0,0,0,0,0,0,0,0,0
Jordan,JOR,2009,73.707,18.7,316.92221069,9.22396946,2.055,76.0,22.71313095,5.64751862747153,5043.62638729303,5.11667226950634,18.98,35.0,30.7434737160752,1.59,3.377,81.1117480967305,12.9,7141753.0,80.4432642487047,67.08152008,212.59622852,98.0,0,0,0,0,0,0,0,0
Jordan,JOR,2010,73.797,17.9,303.8081665,8.17025661,2.222,76.0,21.85514641,5.70433320742085,5066.49720027725,2.6377158262256,19.12,35.37,34.8655897694747,1.61,3.517,82.2601083887084,12.5,7297043.0,82.1924194638432,66.70902252,202.66745558,98.0,0,0,0,0,0,0,0,0
Jordan,JOR,2011,73.929,17.4,321.59057617,8.14807701,,77.0,20.90163994,5.76516645636023,5085.98005025386,2.90729315392207,19.22,35.69,29.1117532656141,1.6,3.565,83.5505043825064,12.9,7480424.0,84.2579860328903,67.44730377,216.90417699,98.0,0,0,0,0,1,0,0,0
Jordan,JOR,2012,74.087,16.9,325.97836304,7.81799555,,77.0,21.58314323,5.84034658729842,5135.0327939589,2.40465716535539,19.29,35.95,31.5006699984411,1.6,3.613,84.9592629639423,12.2,7587127.0,85.4598670871818,64.40774536,209.9553153,98.0,0,0,0,0,1,0,0,0
Jordan,JOR,2013,74.282,16.2,308.94308472,7.16592407,2.34,76.0,22.13348579,5.716697885532,5007.76162067161,2.72311205964112,19.35,36.18,31.2800889777578,1.51,3.661,86.4627110188335,12.6,7991809.0,90.0181234512278,61.5516243,190.15948828,98.0,0,0,0,0,0,0,0,0
Jordan,JOR,2014,74.606,15.5,302.14120483,7.20892906,2.236,76.0,20.89077377,5.42920032051843,4703.39944986815,3.32287328047509,19.39,36.37,28.8641500064179,1.41,3.485,88.0371754329978,11.9,8791710.0,99.0280468574003,64.4750824,194.80578396,98.0,0,0,0,0,0,0,0,0
Jordan,JOR,2015,75.06,14.6,301.63067627,7.4609561,2.726,75.0,29.33435059,5.36359715541341,4441.61896013754,2.52261671092148,19.42,36.49,32.905357512385,1.38,3.394333333333333,89.8881391939133,13.075,9544729.0,107.509900878576,53.54001617,161.49311876,99.0,0,0,0,0,1,0,0,0
Jordan,JOR,2016,75.55,14.0,278.13378906,6.97644138,,73.0,32.94747543,5.49326054068488,4326.17261571505,2.11166806967252,19.43,36.56,30.9872997293874,1.37,3.3036666666666665,90.56272794707,15.275,10006367.0,112.70969813021,45.77644348,127.31976343,98.0,0,0,0,0,1,0,0,0
Jordan,JOR,2017,76.071,13.4,289.04656982,7.10953665,2.222,72.0,33.99718094,5.65195151087872,4335.92512689541,2.50770398070352,19.34,36.55,30.2565692480451,1.45,3.213,90.8764609714428,18.12,10234226.0,115.276255913494,44.80283356,129.50106026,99.0,0,0,0,0,0,0,0,0
Jordan,JOR,2018,76.491,12.8,289.47106934,6.98295021,,69.0,35.3108139,5.82458748767678,4320.029787425,1.85383415616927,19.15,36.46,31.7567413179411,1.41,2.687,91.2008859099729,18.257,10462306.0,117.84530299617,42.96430969,124.36924504,96.0,0,0,0,0,0,0,0,0
Jordan,JOR,2019,76.865,12.7,294.92785645,7.07244635,2.519,69.0,36.0000267,6.00093286540193,4313.80791426608,1.85633006592765,18.95,36.31,32.1645840142968,1.36,3.168,91.515966492507,16.801,10671891.0,120.187073450909,42.94781876,126.66507164,89.0,0,0,0,0,0,0,0,0
Jordan,JOR,2020,75.583,12.9,303.4822998,7.54554749,,70.0,35.40723419,6.16365202110958,4188.21240095719,-1.15257534158022,18.76,36.14,34.5689113833928,1.38,3.1423333333333336,91.8216722992319,19.213,10865228.0,122.364439038674,45.26340103,137.36641002,77.0,0,0,0,0,1,0,0,0
Jordan,JOR,2021,74.204,11.6,322.01589966,7.69733906,,71.0,35.78003311,6.29939125732655,4266.3790298994,3.75201276755828,18.58,35.95,30.9456076388942,1.39,3.1166666666666667,92.117972910453,19.837,11066356.0,124.629547041467,43.27261734,139.34470758,85.0,0,0,0,0,1,0,0,0
Jordan,JOR,2022,77.088,,334.387146,7.73623276,2.851,73.0,35.92578506,6.47150399594479,4309.61432856804,2.7468615450031,18.41,35.75,33.3041989417809,1.42,3.091,92.4048379066163,18.2,11256263.0,126.768283893056,44.14997864,147.63184834,92.0,0,0,0,0,0,0,0,0
Jordan,JOR,2023,77.814,,342.10394287,7.66000605,,74.0,34.4679451,6.70628467757107,4373.38088482368,3.12900102017251,,35.55,32.6320116469358,1.41,3.333,92.682236868336,16.62,11439213.0,128.828670856139,45.00594711,153.96711593,96.0,0,0,0,0,0,0,0,0
Lebanon,LBN,2000,73.895,17.2,425.70095825,10.82951355,,64.0,57.79088211,8.11875254885738,5958.97836750301,1.34187161970405,13.47,20.03,24.4963018475226,3.07,,86.0,8.641,4329340.0,423.200391006843,29.8194313,126.9416071,83.0,0,0,0,0,0,0,0,0
Lebanon,LBN,2001,74.354,16.4,416.57485962,10.56254768,2.614,63.0,54.84230804,8.20307926105469,6085.76041420146,3.83966927702973,13.71,20.66,26.1068805095928,3.0,0.944,86.1451238111303,8.499,4401918.0,430.295014662757,32.68748093,136.16781719,80.0,0,0,0,0,0,0,0,0
Lebanon,LBN,2002,74.836,15.6,391.74139404,9.28233719,,63.0,54.11543274,8.28606473446446,6207.24133893746,3.42314982843781,13.94,21.28,26.9375504045863,3.0,0.96075,86.2942846645228,8.248,4463504.0,436.315151515152,32.85642242,128.71220609,77.0,0,0,0,0,1,0,0,0
Lebanon,LBN,2003,75.275,15.1,373.35971069,8.67109871,,63.0,52.48448944,8.36239623292676,6319.76518298647,3.22709826879041,14.16,21.89,28.0332251190609,3.0,0.9775,86.4475351790771,8.061,4525508.0,442.3761485826,33.90073776,126.57170084,74.0,0,0,0,0,1,0,0,0
Lebanon,LBN,2004,75.693,14.7,368.01425171,7.99923086,,64.0,48.88165665,8.42249792973899,6633.75258002393,6.67944461641103,14.37,22.49,27.591861609056,3.0,0.99425,86.6049279736931,7.85,4599279.0,449.587390029325,37.12298584,136.61787482,75.0,0,0,0,0,1,0,0,0
Lebanon,LBN,2005,76.074,14.7,347.40252686,7.54867649,,64.0,47.32339478,8.47057093849547,6707.18024635316,2.68577931016345,14.59,23.07,25.7247554638363,3.6,1.011,86.7665156672703,8.249,4671102.0,456.608211143695,38.41324997,133.44859952,77.0,0,0,0,0,0,0,0,0
Lebanon,LBN,2006,75.677,14.5,401.43670654,8.66057873,2.475,64.0,44.68946075,8.51690746767727,6696.37428200596,1.54951500083213,14.82,23.63,25.9127305500264,3.6,1.221,86.9323508787087,8.679,4751136.0,464.431671554252,41.0092659,164.62624466,78.0,0,0,0,0,1,0,0,0
Lebanon,LBN,2007,76.732,14.4,438.71112061,8.55984211,2.309,65.0,44.07956314,8.56619099631509,7179.34520092306,9.31062252641144,15.07,24.18,26.0813278261604,3.43,1.431,87.1024862269079,8.98,4844118.0,473.520821114369,41.04162979,180.05421017,80.0,0,0,0,0,0,0,0,0
Lebanon,LBN,2008,76.956,14.4,462.17767334,7.81751728,,65.0,44.85952377,8.62294738258141,7701.29823027979,9.06912826789082,15.33,24.72,25.6947828243097,3.43,1.5455,87.2769743307677,7.666,4925354.0,481.461779081134,39.34031296,181.82214664,81.0,0,0,0,0,1,0,0,0
Lebanon,LBN,2009,77.262,14.3,496.88284302,7.0073576,,66.0,44.5697403,8.693996451066,8375.48851252821,10.232155577776,15.61,25.25,25.1145543368398,3.45,1.66,87.4558678091878,6.355,4992287.0,488.004594330401,38.19932938,189.80590279,81.0,0,0,0,0,0,0,0,0
Lebanon,LBN,2010,77.529,14.1,567.25506592,7.43864489,2.298,66.0,43.58500671,8.78742347281383,8955.54336184707,7.97513555844932,15.91,25.76,28.9441179360902,3.45,1.744,87.6392192810679,6.768,5041288.0,492.794525904203,40.30947113,228.65752654,82.0,0,0,0,0,0,0,0,0
Lebanon,LBN,2011,77.768,14.2,640.69805908,8.17744446,2.675,66.0,40.18660736,8.90731215015141,8936.20027462737,0.86733987855277,16.19,26.25,25.8236773224029,3.45,1.6883333333333332,87.8270813653079,7.352,5096020.0,498.144672531769,43.7142067,280.07609471,82.0,0,0,0,0,1,0,0,0
Lebanon,LBN,2012,77.941,14.2,588.83917236,7.00420094,,67.0,37.33576584,9.05581048675849,8920.8056984673,2.56479133680038,16.48,26.72,25.2379752530515,3.45,1.6326666666666667,88.0195066808075,7.952,5235742.0,511.802737047898,43.50121689,256.15218901,83.0,0,0,0,0,1,0,0,0
Lebanon,LBN,2013,78.037,14.2,576.87176514,7.06742191,2.315,68.0,36.94981384,9.24453099569825,8443.53856528784,3.8278734986016,16.78,27.17,26.6750501345739,2.86,1.577,88.2165478464663,8.477,5743436.0,561.430694037146,44.15641022,254.72584752,83.0,0,0,0,0,0,0,0,0
Lebanon,LBN,2014,78.148,13.9,569.97937012,7.52191401,2.045,68.0,35.56375885,9.47028805195901,7830.4151113336,2.48406010500743,17.11,27.61,24.4279933820689,2.85,1.646,88.4182574811842,8.84,6346990.0,620.429130009775,47.48551178,270.65764386,83.0,0,0,0,0,0,0,0,0
Lebanon,LBN,2015,78.275,13.6,572.07220459,7.41596651,2.123,68.0,32.6974411,10.071433302371,7714.1099998804,0.462320792597581,17.45,28.02,27.3828783139307,3.37,1.556,88.6246882038608,9.312,6472469.0,632.694916911046,45.5106163,260.3535841,83.0,0,0,0,0,0,0,0,0
Lebanon,LBN,2016,78.306,12.9,640.96563721,7.92344952,2.136,68.0,31.97481537,11.0557226594283,8019.1416913426,1.55454940856943,17.81,28.42,24.9316985074041,2.73,1.669,88.835892633396,9.794,6323060.0,618.089931573803,47.00899887,301.31155278,83.0,0,0,0,0,0,0,0,0
Lebanon,LBN,2017,78.192,12.5,671.77996826,7.80357552,2.242,69.0,33.06612396,12.0343397986007,8305.57405425721,0.903028464073813,18.1,28.77,25.8866709032818,2.73,1.818,89.0519233886895,10.258,6160128.0,602.163049853372,47.11582947,316.51469399,83.0,0,0,0,0,0,0,0,0
Lebanon,LBN,2018,78.263,12.1,740.38696289,8.07031727,2.412,67.0,35.30458069,12.9736395274874,8388.7235123835,-1.88470575631651,18.33,29.08,26.9239143405591,2.73,1.918,89.272833088641,10.755,5984119.0,584.957869012708,46.73417664,346.01374701,83.0,0,0,0,0,0,0,0,0
Lebanon,LBN,2019,78.208,12.1,798.13421631,8.68533897,2.611,69.0,30.71131897,13.867380966529,8064.04873416236,-6.91492472851026,18.55,29.35,27.8802089438784,2.73,,89.4986743521503,11.301,5794594.0,566.431476050831,49.29297256,393.4240656,83.0,0,0,0,0,0,0,0,0
Lebanon,LBN,2020,76.299,12.7,303.48632813,7.48221779,2.68,68.0,30.31226349,14.4982421644228,6440.82843092922,-21.3998996914321,18.81,29.63,26.0680786310559,2.73,,89.729499798117,13.252,5702398.0,557.419159335288,44.43261719,134.84691171,71.0,0,0,0,0,0,0,0,0
Lebanon,LBN,2021,73.65,11.9,189.8581543,4.40006208,,68.0,32.36011505,14.7465520811131,5973.41933892988,-7.00123862514116,19.09,29.9,25.2265566483814,2.73,,89.965362045441,12.715,5718122.0,558.956207233627,26.89803314,51.06810686,67.0,0,0,0,0,0,0,0,0
Lebanon,LBN,2022,78.003,,230.39093018,4.91255951,,68.0,32.43323898,15.0288972831934,5909.03651555028,-0.621678970663112,19.4,30.18,27.98267173145,,,90.206313713022,11.105,5744489.0,561.533626588465,30.83833122,71.0487201,67.0,0,0,0,0,0,0,0,0
Lebanon,LBN,2023,77.817,,260.8119812,5.57497263,,67.0,29.70126343,15.481363289485,5834.63415739394,-0.760584470257314,,30.45,26.6948532836253,,,90.4524074197598,10.985,5773493.0,564.368817204301,37.90446472,98.85938534,53.0,0,0,0,0,0,0,0,0
Egypt,EGY,2000,67.332,28.2,69.37174988,4.92244291,,73.0,62.48934937,6.8195207771389,2458.60835003154,6.37000382991766,13.61,27.87,49.0415207208352,1.92,,42.7339398932519,8.98,73083284.0,73.4173328645336,35.18718338,24.40996609,98.0,0,0,0,0,0,0,0,0
Egypt,EGY,2001,67.612,29.5,68.67334747,5.40030336,,73.0,63.8256073,6.77028916634008,2492.03441188861,3.53525197391507,13.97,28.76,49.9574653231969,1.92,,42.7835506765333,9.26,74652029.0,74.9932482796725,34.22034454,23.5002562,99.0,0,0,0,0,0,0,0,0
Egypt,EGY,2002,67.846,29.8,63.99928665,5.5107379,,74.0,63.76679611,6.71711649484969,2498.4812119434,2.39020402675627,14.34,29.64,51.8442698872966,1.9,,42.8347629483917,10.01,76239137.0,76.587610628359,34.46139908,22.05504877,97.0,0,0,0,0,0,0,0,0
Egypt,EGY,2003,68.045,30.3,50.34780884,5.2242527,0.494,74.0,65.40507507,6.64958839177529,2524.80477195753,3.19345473756772,14.75,30.5,61.1019097323142,1.9,,42.8834685533792,10.91,77853548.0,78.2094007735195,31.92203712,16.07204641,98.0,0,0,0,0,0,0,0,0
Egypt,EGY,2004,68.211,30.0,50.33084488,4.85732365,,74.0,64.55256653,6.56500074317417,2574.42341789647,4.09207161019908,15.19,31.33,57.6960532192467,1.92,1.847,42.9255593360476,10.32,79477443.0,79.8407182681199,32.51028824,16.36270219,97.0,0,0,0,0,0,0,0,0
Egypt,EGY,2005,68.355,29.7,59.4683876,4.92229176,,74.0,64.58325958,6.4723759634556,2635.70305226634,4.4717444710621,15.7,32.14,51.0921546716322,1.88,2.0095,42.9569271409488,11.049,81101004.0,81.4717002360741,32.28804016,19.20117717,98.0,0,0,0,0,1,0,0,0
Egypt,EGY,2006,68.493,29.9,66.32707214,4.84190083,,75.0,60.41719818,6.38822554451636,2761.62410768311,6.84383819369884,16.26,32.93,44.4190276887862,2.08,2.172,42.9729991680104,10.49,82700403.0,83.0784097644281,36.02454758,23.89402884,98.0,0,0,0,0,0,0,0,0
Egypt,EGY,2007,68.627,29.5,73.29454041,4.44493246,,75.0,60.32749176,6.32476752959616,2902.06559803259,7.08782742675582,16.88,33.71,40.757764743114,1.82,2.123285714285714,42.9729666344509,8.8,84276225.0,84.6614345270983,35.28871155,25.86469834,98.0,0,0,0,0,1,0,0,0
Egypt,EGY,2008,68.761,29.6,90.15769958,4.46634817,,75.0,61.82380295,6.28794321108333,3052.2129784594,7.15628356711522,17.56,34.49,40.9756017153782,1.59,2.0745714285714287,42.9608989120873,8.517,85864789.0,86.2572595308654,34.39305496,31.00798666,97.0,0,0,0,0,1,0,0,0
Egypt,EGY,2009,68.915,29.9,98.90396881,4.37870932,,75.0,60.43681335,6.28354104638759,3135.09661305712,4.67359980000663,18.3,35.27,42.9563410045474,1.48,2.025857142857143,42.9383470624904,9.087,87501636.0,87.9015882264303,35.04710007,34.66297151,97.0,0,0,0,0,1,0,0,0
Egypt,EGY,2010,69.078,29.9,105.07817841,4.15319157,,74.0,62.62810135,6.31986851418943,3233.84521249306,5.14723485746742,19.08,36.05,46.3262890792464,1.4,1.977142857142857,42.9057175520154,8.757,89196072.0,89.6037691496308,32.93099594,34.60328863,97.0,0,0,0,0,1,0,0,0
Egypt,EGY,2011,69.232,29.1,116.22949219,4.35707569,,74.0,60.49510574,6.38516908928163,3222.37650111397,1.76457194806041,19.87,36.81,40.8977537424026,1.4,1.9284285714285716,42.8634168470177,11.849,91093059.0,91.5094268923602,33.84382629,39.33650886,96.0,0,0,0,0,1,0,0,0
Egypt,EGY,2012,69.464,29.7,139.81625366,4.45891809,,73.0,60.88405991,6.4783022469015,3220.99194201188,2.22619979818487,20.64,37.54,42.6414652957417,1.38,1.8797142857142857,42.8118514138525,12.597,93161001.0,93.5868210357125,28.70971107,40.14084236,93.0,0,0,0,0,1,0,0,0
Egypt,EGY,2013,69.632,28.4,139.67245483,4.6710043,,74.0,57.93513489,6.58389969244239,3216.37839024454,2.18546605363386,21.42,38.25,46.5554819136137,1.37,1.831,42.7514277188751,13.154,95333553.0,95.7693033301522,29.26489449,40.87499904,97.0,0,0,0,0,0,0,0,0
Egypt,EGY,2014,69.911,28.8,155.06480408,4.77415323,0.73,74.0,55.12137222,6.68550128712773,3235.66246235519,2.91591188052836,22.21,38.94,43.5968296522207,1.34,1.813,42.6825522284408,13.105,97528654.0,97.9744376914963,29.54225349,45.80963486,94.0,0,0,0,0,0,0,0,0
Egypt,EGY,2015,70.135,30.1,170.25532532,5.06153202,0.763,73.0,58.8299675,6.80516609988622,3306.98159414141,4.37201907781687,23.01,39.61,45.6930204523881,1.25,1.802,42.6056314089048,13.052,99597342.0,100.052581244663,31.24345398,53.19364678,93.0,0,0,0,0,0,0,0,0
Egypt,EGY,2016,70.437,28.9,142.61845398,5.07462406,0.763,73.0,58.99694824,6.94309086801381,3381.22246307712,4.34664345601914,23.83,40.25,45.0345425155358,1.25,1.789,42.5210717266225,12.45,101644589.0,102.109185795369,30.86659813,44.02146554,95.0,0,0,0,0,0,0,0,0
Egypt,EGY,2017,70.709,27.5,106.00288391,5.34661913,0.743,73.0,56.39825058,7.09697045251357,3452.90961245976,4.18122099961562,24.56,40.83,45.0086404762345,1.27,1.792,42.4486008687179,11.767,103696057.0,104.170030639409,30.97197151,32.83118329,94.0,0,0,0,0,0,0,0,0
Egypt,EGY,2018,70.974,27.8,118.01481628,4.74892998,0.716,72.0,62.61043167,7.26668451982911,3568.63966286365,5.33110861887155,25.19,41.34,44.9185945189461,1.24,1.794,42.4577177449969,9.855,105682094.0,106.165145411623,28.46597481,33.59406733,95.0,0,0,0,0,0,0,0,0
Egypt,EGY,2019,71.213,27.4,142.69670105,4.5994668,0.697,72.0,62.50646591,7.44924287915129,3701.2446344954,5.55209307084222,25.81,41.81,44.6262157169763,1.19,,42.4812027332648,7.851,107553158.0,108.044761665578,28.20387077,40.24599244,95.0,0,0,0,0,0,0,0,0
Egypt,EGY,2020,69.79,26.0,148.35269165,4.15384626,0.671,71.0,59.31352997,7.58665174911614,3770.86947868544,3.55016483883115,26.45,42.25,39.7460127211742,1.11,,42.5181534630674,7.974,109315124.0,109.814781254709,31.92633438,47.3635777,94.0,0,0,0,0,0,0,0,0
Egypt,EGY,2021,68.976,26.0,176.93664551,4.60955143,,71.0,54.90198135,7.63834702066039,3837.31992325256,3.29064601193245,27.11,42.68,41.5138300696419,1.06,,42.5686062621468,7.441,110957008.0,111.464169973379,37.67822266,66.66658437,96.0,0,0,0,0,0,0,0,0
Egypt,EGY,2022,71.01,,171.67852783,4.72362804,,71.0,53.72835159,7.74772796448056,4029.78295458204,6.58784560870467,27.78,43.1,42.2068092839445,,,42.6325129008032,6.546,112618250.0,113.13300517354,35.69905853,61.28761395,97.0,0,0,0,0,0,0,0,0
Egypt,EGY,2023,71.633,,141.41111755,4.88449335,,71.0,57.19506836,7.93940459919248,4111.3118479018,3.76028052279247,,43.51,43.1460553382462,,,42.7098115041919,6.753,114535772.0,115.059291777588,32.24971008,45.60467351,96.0,0,0,0,0,0,0,0,0
Tunisia,TUN,2000,72.604,18.6,111.01378632,4.81271935,0.762,61.0,38.62985992,8.53176150983191,2864.54703666618,4.7099729138049,10.36,16.2,20.7487399091956,1.71,,63.6166653822584,14.94,9764935.0,62.8535980947477,52.6692276,58.47010699,97.0,0,0,0,0,0,0,0,0
Tunisia,TUN,2001,72.822,18.4,114.00454712,4.86132765,0.787,61.0,39.44773865,8.67408579115185,2941.73893592906,3.79627166202512,10.5,16.72,20.4305538700966,1.69,,63.9541757453358,14.4,9869677.0,63.5277870751802,52.18519592,59.49349291,98.0,0,0,0,1,0,0,0,0
Tunisia,TUN,2002,73.07,18.2,124.64620972,5.12036419,0.799,62.0,40.20476532,8.78759385609894,2950.20410959054,1.32255714828946,10.63,17.23,22.2279710417573,1.67,,64.2822554892505,14.55,9971515.0,64.1832839855819,51.7647171,64.5227548,96.0,0,0,0,0,0,0,0,0
Tunisia,TUN,2003,73.304,17.8,148.93447876,5.20888519,0.813,63.0,40.89640045,8.88872444864695,3058.22895827842,4.70239953285241,10.75,17.74,20.0514707487458,1.67,2.053,64.6055972687544,14.51,10071632.0,64.8277033985582,51.411026,76.56874533,95.0,0,0,0,0,0,0,0,0
Tunisia,TUN,2004,73.519,17.6,167.27586365,5.19890785,1.311,66.0,41.51860428,8.98238058389417,3218.72320748457,6.23579072222647,10.88,18.24,19.191779300458,1.72,2.807,64.9272741461338,14.23,10166163.0,65.4361676107106,51.12685013,85.52288264,97.0,0,0,0,0,0,0,0,0
Tunisia,TUN,2005,73.712,17.3,169.84550476,5.14555788,0.919,66.0,42.11570358,9.06766449021748,3301.93817216029,3.4865455430439,11.02,18.72,18.7888523060274,1.72,2.6425,65.2340901739004,12.872,10255472.0,66.0110195674562,50.8209343,86.3170726,98.0,0,0,0,0,1,0,0,0
Tunisia,TUN,2006,73.888,17.1,178.82592773,5.13109922,,67.0,42.67474365,9.1380372720372,3444.5513526091,5.24409983246916,11.2,19.19,19.0664238659217,1.74,2.478,65.5209809651521,12.51,10346410.0,66.5963568486097,52.26226425,93.45848136,99.0,0,0,0,0,1,0,0,0
Tunisia,TUN,2007,74.039,16.8,202.32022095,5.17542839,1.011,67.0,42.86813354,9.19455317241439,3642.11977444786,6.70952097453554,11.4,19.65,19.1798562700626,1.72,2.3135,65.8000030517578,12.365,10441702.0,67.209719361483,53.38171768,108.00201349,98.0,0,0,0,0,1,0,0,0
Tunisia,TUN,2008,74.192,16.6,230.50152588,5.1644063,1.094,67.0,42.79279327,9.24748035881076,3760.11828478704,4.23778147502819,11.64,20.12,19.5661639814743,1.78,2.149,66.0676053984361,12.444,10542635.0,67.8593910916581,54.27530289,125.10540272,99.0,0,0,0,0,0,0,0,0
Tunisia,TUN,2009,74.32,16.5,231.3591156,5.40595293,,68.0,42.52130127,9.30595922395653,3835.25011939301,3.04345012371552,11.91,20.58,19.2742959049226,1.8,2.128,66.3362197875977,13.29,10650681.0,68.554846807415,55.0338707,127.3258742,99.0,0,0,0,0,0,0,0,0
Tunisia,TUN,2010,74.438,16.4,240.75447083,5.60950756,1.207,69.0,42.10583115,9.37927191320598,3906.90625867605,2.97113275066512,12.2,21.04,19.4646477451124,1.82,2.214,66.6280059814453,13.049,10765980.0,69.2969876416066,55.75389099,134.22998752,98.0,0,0,0,0,0,0,0,0
Tunisia,TUN,2011,74.471,16.0,270.67507935,6.12299299,,69.0,41.58300018,9.47011520952393,3784.7412903401,-2.04663389535644,12.5,21.49,19.2235168460425,1.8,2.311,66.9191886197857,18.334,10886035.0,70.069741246138,56.41347122,152.69720838,98.0,0,0,0,0,1,0,0,0
Tunisia,TUN,2012,74.599,15.7,270.29055786,6.28984737,,70.0,40.97820663,9.58117573028467,3900.04620132702,4.21667711535632,12.81,21.94,17.8799045046228,1.79,2.408,67.2098922729492,17.63,11009647.0,70.865390061792,56.96455765,153.96982507,97.0,0,0,0,0,1,0,0,0
Tunisia,TUN,2013,74.674,15.7,284.64538574,6.51394987,,70.0,39.06398773,9.72219853236911,3947.58763533174,2.42993096446429,13.14,22.38,17.3550040560394,1.81,2.505,67.4999542236328,15.934,11141361.0,71.713188722966,59.0912056,168.20038633,98.0,0,0,0,0,1,0,0,0
Tunisia,TUN,2014,74.784,15.5,287.60955811,6.45006084,1.253,72.0,38.00471115,9.9178956348451,4021.59954703591,3.09032803070775,13.48,22.81,19.2788417723855,1.79,2.602,67.7524643379101,14.259,11274288.0,72.5687950566426,58.13360596,167.19781221,98.0,0,0,0,0,0,0,0,0
Tunisia,TUN,2015,74.875,15.5,249.46418762,6.21339941,1.285,73.0,39.67178345,10.1997711634646,4014.94773686432,0.967834205635981,13.85,23.24,18.0712480880451,1.8,2.618,67.8807907104492,15.159,11402264.0,73.3925334706488,53.79585648,134.2013903,98.0,0,0,0,0,0,0,0,0
Tunisia,TUN,2016,75.007,15.4,240.40258789,6.24778175,1.258,73.0,39.75572586,10.5352961885305,4015.28893802703,1.117231963992,14.23,23.65,19.1640181719787,1.79,2.607,68.0623356528248,15.557,11528674.0,74.2061920700309,54.51217651,131.04868589,98.0,0,0,0,0,0,0,0,0
Tunisia,TUN,2017,75.177,15.4,223.85903931,6.18557453,1.278,74.0,40.51967239,10.898813861457,4062.80606534519,2.25261437620587,14.54,24.03,16.5337753021396,1.81,2.467,68.2877807617188,15.33,11650498.0,74.9903321318229,53.68983078,120.18954446,98.0,0,0,0,0,0,0,0,0
Tunisia,TUN,2018,75.37,15.3,215.418396,5.9375186,,75.0,41.91517639,11.3326465644462,4127.97005697994,2.60696965356362,14.8,24.36,18.9546097979168,1.82,2.29,68.5485240272509,15.459,11765514.0,75.7306513903193,52.09613037,112.22465153,97.0,0,0,0,0,1,0,0,0
Tunisia,TUN,2019,75.599,15.2,212.60031128,6.02461243,1.299,75.0,35.57650757,11.8694485572067,4153.27978615515,1.55009304966742,15.05,24.66,16.9323513605894,1.82,2.113,68.8206382576031,17.153,11875081.0,76.4358972708548,59.20934677,125.87926176,98.0,0,0,0,0,0,0,0,0
Tunisia,TUN,2020,75.004,15.1,250.40145874,7.05612612,1.315,76.0,33.44130325,12.4285834961169,3749.26841452928,-8.97512622934723,15.31,24.95,17.004974740635,2.42,2.074,69.1043166438476,17.651,11974057.0,77.0729724510814,61.1117897,153.02479505,97.0,0,0,0,0,0,0,0,0
Tunisia,TUN,2021,72.893,13.0,285.25247192,7.34183979,1.315,75.0,37.21665955,12.8726774625305,3902.53322990199,4.73603648206102,15.58,25.23,20.064818139673,2.46,2.161,69.3997523770568,16.632,12048622.0,77.5529222451081,56.01768494,159.79183405,97.0,0,0,0,0,0,0,0,0
Tunisia,TUN,2022,76.05,,276.46380615,7.51270723,,76.0,36.28980255,13.3072089799204,3986.54558325666,2.75228761004381,15.87,25.51,22.397309689228,2.14,,69.707138648303,15.3,12119334.0,78.0080715756952,52.65161133,145.5626508,97.0,0,0,0,1,0,0,0,0
Tunisia,TUN,2023,76.508,,317.70983887,7.98537874,,76.0,37.93983841,13.8048743214216,3967.33387634534,0.184015548469745,,25.79,18.874792802061,1.82,,70.0266686486584,15.106,12200431.0,78.530065653965,54.08564377,171.83541244,97.0,0,0,0,0,0,0,0,0
Morocco,MAR,2000,66.794,24.0,54.63968277,3.69304585,,55.0,53.86581421,7.01342171942158,1957.14135742188,2.58218091499747,13.22,11.38,18.6816279893228,0.88,,53.58724711125,13.58,28423435.0,63.6868362088281,25.35758781,13.8553056,95.0,0,0,0,0,0,0,0,0
Morocco,MAR,2001,67.2,23.8,56.55395889,3.81601191,0.483,55.0,53.25442505,7.09940071997213,2078.96606445313,7.72182519577728,13.49,11.8,18.2021114211041,0.89,,53.8972613497219,12.46,28814643.0,64.5633945776384,26.27703476,14.86070315,96.0,0,0,0,0,0,0,0,0
Morocco,MAR,2002,67.582,23.5,63.57953644,4.06117535,,56.0,53.84698105,7.18976795987014,2127.50708007813,3.73019737485745,13.74,12.22,17.3902860144688,0.89,,54.222745830177,11.59,29198142.0,65.4226798117858,26.62359238,16.92715658,94.0,0,0,0,0,0,0,0,0
Morocco,MAR,2003,67.958,23.6,77.74629211,4.08037519,,56.0,56.20530701,7.2800563004357,2229.576171875,6.17110214953244,13.99,12.66,17.4058908217094,0.89,,54.5782811140771,11.92,29571415.0,66.2590522070356,24.45622253,19.01380573,91.0,0,0,0,0,0,0,0,0
Morocco,MAR,2004,68.272,23.6,91.17259979,4.23211098,0.534,57.0,57.37558365,7.3454252310834,2301.08178710938,4.57138016516208,14.24,13.1,18.8310554192907,0.87,0.812,54.9787569660869,10.83,29953018.0,67.1140891776832,23.88543892,21.7769756,97.0,0,0,0,0,0,0,0,0
Morocco,MAR,2005,68.748,23.6,97.19748688,4.37350655,,58.0,59.65603256,7.39291136713611,2342.15478515625,3.19224973015831,14.5,13.54,18.8580390478673,0.86,0.8350000000000001,55.4397798676399,11.01,30358144.0,68.0218328478602,25.20932388,24.50282996,98.0,0,0,0,0,1,0,0,0
Morocco,MAR,2006,69.157,23.5,110.22368622,4.56586647,,59.0,58.74881363,7.46401619159877,2489.99291992188,7.7908200104027,14.76,13.98,19.6247328804347,0.87,0.8580000000000001,55.9627589629824,9.67,30771178.0,68.9472955411158,28.51291847,31.42799066,97.0,0,0,0,0,1,0,0,0
Morocco,MAR,2007,69.62,23.6,131.86448669,4.80759001,0.586,60.0,57.18305206,7.56544345784894,2540.615234375,3.44106776690418,15.03,14.43,19.7314629009067,0.87,0.881,56.5303841299064,9.56,31186468.0,69.8778131301815,29.45763969,38.84416668,95.0,0,0,0,1,1,0,0,0
Morocco,MAR,2008,70.051,23.3,153.23677063,4.83789158,,61.0,56.41322708,7.66540384639092,2648.58569335938,5.68453936284732,15.32,14.89,19.5978316103739,0.87,0.904,57.1254169272616,9.57,31606767.0,70.8195541115841,31.03666687,47.55958554,99.0,0,0,0,0,1,0,0,0
Morocco,MAR,2009,70.454,23.1,165.50694275,5.27312183,0.646,62.0,54.49833298,7.75805006683146,2710.66650390625,3.74576940136258,15.62,15.35,20.6913110754172,0.85,0.927,57.7306189138977,8.96,32030778.0,71.7696123683621,32.63605118,54.01492798,99.0,0,0,0,0,0,0,0,0
Morocco,MAR,2010,70.821,22.9,168.36595154,5.41861057,,63.0,55.61273193,7.86509877961545,2767.04223632813,3.49955709403216,15.92,15.82,21.062623306006,0.84,0.93775,58.3287516486646,9.09,32467016.0,72.7470669952946,32.13038635,54.09662786,99.0,0,0,0,0,1,0,0,0
Morocco,MAR,2011,71.263,22.9,179.00019836,5.37019396,,64.0,54.24003983,7.99989336697294,2879.53930664063,5.52464523319847,16.2,16.29,20.0117884593084,0.83,0.9485,58.902576690412,8.91,32912588.0,73.745435805512,33.68819046,60.30192345,99.0,0,0,0,0,1,0,0,0
Morocco,MAR,2012,71.674,22.7,172.04353333,5.39619017,,64.0,52.74585342,8.15746983563723,2927.45043945313,3.06234368502997,16.48,16.76,18.1645611167978,0.83,0.95925,59.4348555979895,8.99,33355241.0,74.7372641720816,34.34552383,59.08925087,99.0,0,0,0,0,1,0,0,0
Morocco,MAR,2013,72.117,22.6,179.81974792,5.25540543,0.631,65.0,51.66726685,8.32845451767268,3008.185546875,4.12221286860944,16.76,17.23,17.287814021809,0.82,0.97,59.9083499302469,9.23,33787571.0,75.7059623571589,34.77407074,62.53064233,99.0,0,0,0,0,0,0,0,0
Morocco,MAR,2014,72.522,22.6,188.6415863,5.41626596,0.913,66.0,49.15629196,8.52823158212821,3051.458984375,2.7192440802029,17.05,17.69,17.5128798204876,0.7949999999999999,0.944,60.3030486171654,9.7,34204780.0,76.6407797445664,38.73244095,73.06548895,99.0,0,0,0,1,0,0,0,0
Morocco,MAR,2015,72.894,22.7,162.85198975,5.10435581,,66.0,48.95444107,8.77374122431438,3146.24780273438,4.34458297635238,17.35,18.15,19.8670944049653,0.77,1.094,60.6417124737154,9.46,34607588.0,77.5433295989245,38.83265686,63.23974847,99.0,0,0,0,1,1,0,0,0
Morocco,MAR,2016,73.228,22.6,162.21507263,5.09203386,,66.0,48.8467865,9.06185803116272,3124.42504882813,0.52118550608968,17.66,18.61,18.9602475540145,0.745,1.2439999999999998,60.9657656537179,9.3,35023457.0,78.4751445216222,39.37893295,63.87855692,99.0,0,0,0,1,1,0,0,0
Morocco,MAR,2017,73.608,22.6,166.8500061,4.98920393,0.734,66.0,47.96567535,9.39497272205666,3242.64428710938,5.05789816173446,17.9,19.04,21.3269600699193,0.72,1.394,61.2761057031842,9.22,35446392.0,79.4227918440511,39.70824814,66.25321817,99.0,0,0,0,0,0,0,0,0
Morocco,MAR,2018,73.946,22.7,175.70518494,4.94516659,,65.0,46.98527527,9.76951835349017,3304.7119140625,3.06564133025955,18.06,19.43,18.4571548078596,0.71,1.3065,61.5695822753314,9.272,35839760.0,80.3041900067219,40.19128036,70.61816222,99.0,0,0,0,0,1,0,0,0
Morocco,MAR,2019,74.245,22.6,178.73939514,5.020401,,65.0,46.55796814,10.1746908680514,3364.73950195313,2.89097476137077,18.21,19.79,17.1600688643338,0.7,1.219,61.8430450233765,9.191,36210898.0,81.1357786242438,40.30397415,72.03907914,99.0,0,0,0,0,1,0,0,0
Morocco,MAR,2020,73.133,22.6,192.04043579,5.78939486,,65.0,43.40781021,10.5565430212111,3090.89428710938,-7.17820744246774,18.37,20.14,17.6745548244128,0.74,1.1315,62.0933436005366,11.189,36584208.0,81.9722339233699,42.58678818,81.78385606,99.0,0,0,0,0,1,0,0,0
Morocco,MAR,2021,73.385,22.0,209.57344055,5.45314503,0.74,65.0,41.79529953,10.9280093253657,3309.130859375,8.15473889823681,18.55,20.49,18.8808973994063,0.72,1.044,62.3173276600289,10.551,36954442.0,82.8017969975353,41.36471176,86.68943846,98.0,0,0,0,0,1,0,0,0
Morocco,MAR,2022,75.161,,201.81098938,5.75281,,65.0,40.54432678,11.3637166992227,3334.91162109375,1.81269242194809,18.75,20.84,21.3232528983588,0.73,0.9565,62.5118468550703,9.413,37329064.0,83.6411920233027,50.50930405,101.93332672,98.0,0,0,0,0,1,0,0,0
Morocco,MAR,2023,75.313,,232.24751282,6.06396198,,65.0,37.25432968,11.8322534179946,3421.21704101563,3.65564411017931,,21.2,18.7206508843713,0.73,0.869,62.673750838878,8.896,37712505.0,84.5003473000224,56.53299713,131.29648272,97.0,0,0,0,0,0,0,0,0
Iraq,IRQ,2000,64.86,27.6,,,,61.0,,5.78537900054767,4172.78025105244,16.7961344439661,15.5,26.29,48.233066680328,,,67.6331913847871,8.038,24424056.0,55.8430070649564,,,80.0,0,0,0,0,0,0,0,0
Iraq,IRQ,2001,65.292,27.0,,,0.543,61.0,,5.70934640200114,4116.09405320279,1.76660876568174,15.81,27.02,43.3223765593102,,,67.751941516652,8.249,25197840.0,57.6121819054805,,,78.0,0,0,0,0,0,0,0,0
Iraq,IRQ,2002,65.724,26.7,,,,62.0,,5.64436970588606,3660.92527507177,-8.20370481187175,16.13,27.75,44.3150200616787,,,67.8938101691696,8.619,26006559.0,59.4612319089101,,,77.0,0,0,0,0,0,0,0,0
Iraq,IRQ,2003,64.834,26.5,26.98275757,2.99693608,,62.0,54.54956436,5.58876902676219,2250.06990123369,-36.6567804383165,16.45,28.47,47.4418587296722,,,68.0521271794625,8.959,26802659.0,61.281429910602,45.25849152,12.21198878,75.0,0,0,0,0,0,0,0,0
Iraq,IRQ,2004,64.634,26.2,51.81518173,3.90128636,0.658,63.0,28.61632156,5.54148815301486,3354.26588756715,53.3855472887501,16.79,29.18,44.217191482765,1.34,,68.2202223846538,8.715,27577878.0,63.0538857260443,69.86952972,36.20302463,74.0,0,0,0,0,0,0,0,0
Iraq,IRQ,2005,64.899,25.8,53.0551796,3.01704645,0.66,63.0,29.04392815,5.50037428124666,3310.86344473993,1.67522863586828,17.16,29.87,48.2620408886902,1.3,1.32,68.391425621866,8.57,28407448.0,64.9506093239134,66.96305084,35.52736698,65.0,0,0,0,0,0,0,0,0
Iraq,IRQ,2006,64.029,25.5,56.76464462,2.49370432,,63.0,32.58729172,5.46339593062321,3471.98744698568,5.63829915220637,17.56,30.55,47.9192893845428,1.32,1.1845,68.5590667282222,8.411,28616515.0,65.4286187895832,61.48527145,34.90189629,59.0,0,0,0,0,1,0,0,0
Iraq,IRQ,2007,64.428,25.5,100.59433746,3.2148056,0.528,63.0,29.54823112,5.43196006018048,3565.58054079041,1.88853936243953,18.0,31.23,50.715570586461,1.25,1.049,68.716475540845,8.646,28391607.0,64.9143905617669,63.38371277,63.76042449,57.0,0,0,0,1,0,0,0,0
Iraq,IRQ,2008,66.465,25.4,139.28845215,3.06604242,,64.0,21.31552696,5.4083356968952,3781.78001712762,8.22810710383277,18.47,31.9,53.0055491115129,1.1800000000000002,1.2008333333333332,68.8569818968574,8.466,28971036.0,66.2391933603128,77.38848877,107.79322948,69.0,0,0,0,1,1,0,0,0
Iraq,IRQ,2009,67.834,25.2,140.1234436,3.77203989,,64.0,22.36846352,5.39131595706611,3768.17284328983,3.37929909442771,18.99,32.57,54.0214507161786,1.11,1.3526666666666665,68.9742328505284,8.415,30058206.0,69.2075105912691,76.67063141,107.43352921,78.0,0,0,0,0,1,0,0,0
Iraq,IRQ,2010,68.092,24.8,144.54083252,3.23955345,0.636,64.0,26.03185081,5.37810342409267,3881.94327045302,6.40256484471193,19.52,33.22,57.0667074141581,1.1,1.5045,69.0582953378474,8.267,31045366.0,71.4803969423467,73.49710846,106.2333359,74.0,0,0,0,0,1,0,0,0
Iraq,IRQ,2011,68.435,24.5,161.89790344,2.80316377,,67.0,25.02887917,5.36507044389926,4030.01686860986,7.546471200426,20.05,33.85,51.6251483019676,1.2000000000000002,1.6563333333333332,69.1252233869916,8.193,32161424.0,74.0500644685946,74.24197388,120.19620994,81.0,0,0,0,1,1,0,0,0
Iraq,IRQ,2012,68.827,24.0,174.48312378,2.69365859,,68.0,61.66325378,5.34364818697102,4387.90469058707,13.9364301737537,20.59,34.46,53.0903644919475,1.3,1.8081666666666667,69.2222213745117,7.965,33654842.0,77.4885844538589,37.45703125,65.35620143,72.0,0,0,0,0,1,0,0,0
Iraq,IRQ,2013,69.047,23.6,186.78742981,2.80868459,,69.0,58.57234192,5.34139096301913,4504.82687537354,7.62828592298754,21.14,35.06,51.2361137720462,1.28,1.96,69.444450378418,9.222,35281989.0,81.2709362215752,40.81427765,76.23593938,73.0,0,0,0,0,0,0,0,0
Iraq,IRQ,2014,69.679,23.0,178.98071289,2.78786659,0.823,68.0,62.02973557,5.35919345003649,4446.97343234862,2.26368817563613,21.71,35.63,47.4866517700349,1.1,1.811,69.6666641235352,10.59,36550059.0,84.1918950171378,37.21397781,66.60584828,73.0,0,0,0,0,0,0,0,0
Iraq,IRQ,2015,69.977,22.5,149.07951355,3.15587044,0.718,67.0,76.19068909,5.38210022838748,4440.14189252367,2.60676642939541,22.29,36.19,52.5324989931432,1.086666666666667,1.582,69.920524597168,10.865,37560535.0,86.5194942505436,23.15503693,34.51941747,68.0,0,0,0,1,0,0,0,0
Iraq,IRQ,2016,68.683,22.2,199.88560486,4.57253027,0.707,67.0,44.25166702,5.42909271704029,4932.9272911439,13.7873730187089,22.88,36.72,49.4313239497814,1.0733333333333337,1.632,69.9123778259643,10.82,38469627.0,88.6135586739395,55.45582581,110.84821467,71.0,0,0,0,1,0,0,0,0
Iraq,IRQ,2017,69.788,22.0,197.23654175,4.08944416,0.8,67.0,58.04656601,5.51565265047365,4736.32710809857,-1.81975035118309,23.38,37.21,47.5437702256019,1.06,1.73,69.8944511190753,13.02,39337353.0,90.6123378358457,41.44437027,81.74344886,81.0,0,0,0,0,0,0,0,0
Iraq,IRQ,2018,71.116,22.2,232.86825562,4.07600641,0.676,66.0,50.39333344,5.62892625434752,4749.00921836896,2.63385099105624,23.79,37.62,51.717685614606,1.06,1.952,69.8765148865842,13.458,40265624.0,92.7505804739616,49.10993195,114.3614471,86.0,0,0,0,0,0,0,0,0
Iraq,IRQ,2019,71.245,22.4,241.73873901,4.207232,0.881,66.0,50.09696198,5.74191752583558,4898.14897668582,5.5137905789381,24.19,37.99,45.7010021473815,,2.313,69.8683395385742,14.096,41192171.0,94.8844148066247,49.36284256,119.32911099,84.0,0,0,0,0,0,0,0,0
Iraq,IRQ,2020,69.651,24.6,248.04725647,5.72766161,0.923,67.0,54.66120911,5.77934635810546,4213.99843766061,-12.0367930960454,24.6,38.34,47.6300446099296,,2.279,69.8683166503906,15.766,42116605.0,97.0138092276507,45.03430557,111.70636628,74.0,0,0,0,0,0,0,0,0
Iraq,IRQ,2021,70.704,22.7,251.59538269,5.14179993,0.983,64.0,49.908741,5.7739693248785,4182.50064045825,1.5021807095434,25.03,38.69,48.7958205411035,,2.464,69.8682708740234,16.173,43071211.0,99.2127035680556,49.34173965,124.14154289,78.0,0,0,0,0,0,0,0,0
Iraq,IRQ,2022,72.037,,283.17074585,4.33226347,1.022,66.0,53.0931778,5.75715803686103,4412.99733146512,7.95904804990212,25.47,39.02,59.5284377287451,,2.648,69.8682861328125,15.41,44070551.0,101.514640775804,45.76101685,129.58181815,93.0,0,0,0,0,0,0,0,0
Iraq,IRQ,2023,72.324,,333.29360962,5.53275251,,64.0,53.9823761,5.70760459600566,4337.0870532422,0.517705525140073,,39.35,49.4713662187955,,,69.868278503418,15.239,45074049.0,103.826155759795,46.0176239,153.37380591,91.0,0,0,0,0,0,0,0,0
Algeria,DZA,2000,70.576,18.0,61.85785294,3.21485448,,68.0,25.7945137,7.07966465755911,3553.32420521991,3.80000000158476,12.49,13.4,15.5593728806651,1.77,,59.8521239445692,29.77,30903893.0,12.9753428165963,71.96343231,44.51503652,86.0,0,0,0,0,0,0,0,0
Algeria,DZA,2001,71.025,17.7,67.05859375,3.53628588,,68.0,21.66852379,7.09382168436175,3610.00605631983,2.99999999863043,12.7,13.83,14.4363592906282,1.75,,60.6177172788536,27.3,31331221.0,13.1547612249868,76.22702026,51.11676805,89.0,0,0,0,0,0,0,0,0
Algeria,DZA,2002,71.644,17.4,66.681633,3.44169641,1.114,68.0,22.52488327,7.1105335090449,3754.66081538446,5.40000000000001,12.89,14.27,15.0411273853982,1.74,2.197,61.3812658601162,25.9,31750835.0,13.3309408247752,75.27867126,50.197046,86.0,0,0,0,0,0,0,0,0
Algeria,DZA,2003,71.906,17.4,75.9513092,3.32569361,,68.0,21.14863777,7.13092640079938,3945.89816094007,6.50000000062043,13.08,14.71,14.1342155491004,1.77,2.1432,62.1427907986812,23.72,32175818.0,13.5093746588628,76.69419861,58.25024877,87.0,0,0,0,0,1,0,0,0
Algeria,DZA,2004,72.536,17.1,92.6876297,3.29030514,,68.0,26.09432602,7.1549851356749,4066.28204806495,4.49999999976698,13.29,15.14,14.3152403982725,1.81,2.0894,62.9023132048725,17.65,32628286.0,13.6993483755574,71.35350037,66.13586817,86.0,0,0,0,0,1,0,0,0
Algeria,DZA,2005,72.836,16.8,100.83694458,3.1188612,1.026,68.0,28.09361267,7.18225094962735,4223.60252133943,5.39999999969525,13.51,15.58,14.8913559511864,1.76,2.0356,63.6598541890144,15.27,33109249.0,13.9012860345798,69.29087067,69.87079668,88.0,0,0,0,1,1,0,0,0
Algeria,DZA,2006,73.116,16.5,116.7750473,3.18999887,,68.0,29.12135887,7.20823850612242,4279.61547120827,2.89999999905852,13.75,16.02,16.7994819481555,1.71,1.9818,64.4154348614309,12.27,33623506.0,14.1172025493967,68.46268463,79.94733251,95.0,0,0,0,0,1,0,0,0
Algeria,DZA,2007,73.346,16.2,150.86651611,3.62011433,1.195,69.0,28.08858109,7.22513310622356,4339.25055772831,3.10000000128674,14.01,16.46,17.4739080712462,1.725,1.928,65.1690763324461,13.79,34189416.0,14.3548061501255,69.78764343,105.28618748,95.0,0,0,0,1,0,0,0,0
Algeria,DZA,2008,73.618,15.9,206.37207031,3.98331022,,69.0,26.1469593,7.22930924311667,4367.56538017541,2.49999999929371,14.31,16.91,17.4674239669476,1.74,1.9612222222222224,65.901485871159,11.33,34816961.0,14.6182878903659,71.99542236,148.5784402,93.0,0,0,0,0,1,0,0,0
Algeria,DZA,2009,73.871,15.6,207.20181274,4.89210796,,70.0,27.44950676,7.22729390700423,4336.10054052949,1.19999999969519,14.63,17.37,16.9046213507536,1.74,1.9944444444444445,66.5097384559521,10.16,35490445.0,14.901057630136,70.88406372,146.87305666,95.0,0,0,0,0,1,0,0,0
Algeria,DZA,2010,74.144,15.2,227.95396423,4.64001417,,70.0,28.88244247,7.23387875926996,4456.6102741643,4.80000000093564,14.96,17.83,17.211262868675,1.71,2.0276666666666667,67.1235057867459,9.96,36188236.0,15.1940329339055,69.48218536,158.38740503,95.0,0,0,0,0,1,0,0,0
Algeria,DZA,2011,74.383,15.1,285.5020752,4.82567501,,62.0,27.87346649,7.26594864393901,4501.3543013352,2.99999999941909,15.29,18.29,15.9157535272917,1.68,2.060888888888889,67.7344007507578,9.96,36903376.0,15.4942924080714,70.61742401,201.61418878,95.0,0,0,0,0,1,0,0,0
Algeria,DZA,2012,74.609,14.8,340.09176636,5.63658524,,65.0,27.21595383,7.33901673155769,4518.43978956464,2.40000000034432,15.62,18.76,16.1392471454087,1.66,2.094111111111111,68.3421258553675,10.97,37646166.0,15.8061610419273,71.45678711,243.0186462,95.0,0,0,0,0,1,0,0,0
Algeria,DZA,2013,74.809,14.5,337.57348633,5.64541769,,69.0,29.27841759,7.47152271006351,4543.23444006767,2.60000000061164,15.96,19.23,15.2206585243926,1.65,2.127333333333333,68.9463836079277,9.82,38414171.0,16.1286164736705,69.36454773,234.15631731,95.0,0,0,0,0,1,0,0,0
Algeria,DZA,2014,74.992,14.3,366.58615112,6.01484108,,72.0,28.56359291,7.66465522831431,4634.10149179952,4.09999999866501,16.32,19.7,16.1165663291136,1.64,2.160555555555556,69.5468765157615,10.207,39205031.0,16.4606678310815,70.13742065,257.11406553,95.0,0,0,0,0,1,0,0,0
Algeria,DZA,2015,75.159,14.2,296.76834106,6.33435678,,72.0,30.19287682,7.90229857214742,4685.05902729002,3.20000000089023,16.69,20.16,16.0318389714709,1.62,2.1937777777777776,70.1433070861612,11.206,40019529.0,16.8026368106356,68.50349426,203.29667971,95.0,0,0,0,0,1,0,0,0
Algeria,DZA,2016,75.31,14.1,265.53491211,6.00080872,1.819,72.0,32.89492798,8.17181949211754,4768.73140081027,3.90000000017621,17.07,20.62,16.7302943332799,1.6,2.227,70.7353778263851,10.202,40850721.0,17.1516218598076,65.71144104,174.48679725,91.0,0,0,0,0,0,0,0,0
Algeria,DZA,2017,75.431,14.1,270.93231201,5.9484539,,71.0,33.93701172,8.46490756177809,4742.90075532529,1.49999999895587,17.39,21.05,15.3884102993683,1.61,2.207,71.3227912436551,12.0,41689299.0,17.5037080018356,64.63082886,175.10578376,91.0,0,0,0,0,0,0,0,0
Algeria,DZA,2018,75.555,14.0,271.53808594,5.9323926,1.708,70.0,33.76395798,8.77252354354205,4717.0035885361,1.40000000088281,17.63,21.44,16.0599697647705,,1.538,71.905249845153,12.112,42505035.0,17.846203680417,64.80882263,175.9806211,91.0,0,0,0,0,0,0,0,0
Algeria,DZA,2019,75.682,14.0,242.07049561,5.41732121,0.973,64.0,37.92313004,9.08218314490603,4672.66408678635,0.899999999219148,17.87,21.81,16.0043837868398,,0.312,72.4824561380175,12.302,43294546.0,18.1776961381175,60.47232819,146.38565972,88.0,0,0,0,0,0,0,0,0
Algeria,DZA,2020,73.257,12.7,211.07240295,5.63830757,,66.0,39.6432457,9.31673652508281,4363.68533767783,-4.99999999908597,18.12,22.16,15.3457911307566,,1.044,73.0541126293395,14.08,44042091.0,18.4915612115512,58.73853683,123.98084324,84.0,0,0,0,0,1,0,0,0
Algeria,DZA,2021,75.208,13.3,208.93911743,5.02188873,,69.0,40.50164032,9.5356442814051,4456.74687637774,3.79999999900707,18.38,22.51,16.8669275134746,,1.776,73.6199218261573,13.656,44761099.0,18.7934447084904,57.21630859,119.54725442,81.0,0,0,0,0,1,0,0,0
Algeria,DZA,2022,76.129,,180.33454895,3.63464284,1.66,70.0,50.13016129,9.82496617862081,4544.46688060372,3.60000000094915,18.66,22.85,19.1821741766237,,2.508,74.1795862354514,12.382,45477389.0,19.0941870229328,47.229702,85.17147857,77.0,0,0,0,0,0,0,0,0
Algeria,DZA,2023,76.261,,233.37947083,4.35082531,,70.0,45.00216675,10.1246021758787,4660.40545687895,4.10000000005964,,23.21,16.5394687279881,,,74.732808364138,11.645,46164219.0,19.3825602290762,53.07563782,123.8676409,92.0,0,0,0,0,0,0,0,0
Türkiye,TUR,2000,71.931,22.5,192.8344574,4.59957218,1.303,64.0,28.60040474,9.08547664950281,6326.25746472488,6.98528697817062,9.49,24.21,25.8782888545993,,1.699,58.9706120006403,6.495,65425961.0,85.0096293023921,61.67596436,118.93250612,85.0,0,0,0,0,0,0,0,0
Türkiye,TUR,2001,72.271,21.5,148.86210632,4.88784933,1.356,65.0,23.43206978,9.2827979101411,5906.92348536699,-5.45940838563062,9.73,24.79,26.3505516121367,,1.725,59.8722461417316,8.381,66245128.0,86.0739939971155,67.25136566,100.11179896,88.0,0,0,0,0,0,0,0,0
Türkiye,TUR,2002,72.605,20.5,181.39144897,5.06227875,1.371,65.0,20.32076836,9.48630909445249,6211.70542960394,6.43550883793114,9.95,25.37,27.3588850035587,2.45,1.698,60.7385342729423,10.358,67048795.0,87.1182191442641,69.9743576,126.92750407,78.0,0,0,0,0,0,0,0,0
Türkiye,TUR,2003,72.906,19.9,232.5562439,5.01427698,1.393,66.0,18.93056297,9.69525111025887,6496.07277294612,5.79909321038525,10.16,25.91,25.1556972044494,2.44,1.712,61.5845060653258,10.542,67831730.0,88.1355066720372,71.20713043,165.59663221,68.0,0,0,0,0,0,0,0,0
Türkiye,TUR,2004,73.223,19.3,292.65307617,4.9096446,1.416,66.0,20.18101692,9.90867108495712,7061.62219794984,9.92540551918624,10.38,26.43,25.2906579356927,2.43,1.735,62.4388481173262,10.838,68592617.0,89.1241466678794,71.70464325,209.84582246,85.0,0,0,0,0,0,0,0,0
Türkiye,TUR,2005,73.51,18.9,357.40197754,4.89389706,1.455,67.0,24.17697906,10.1250418417102,7623.14640948457,9.11157745861635,10.6,26.89,24.8623084006683,2.47,1.756,63.3302470273874,10.636,69329557.0,90.0816717123813,67.74803925,242.12557055,90.0,0,0,0,0,0,0,0,0
Türkiye,TUR,2006,73.804,18.6,409.25881958,5.14591694,1.492,68.0,23.6489296,10.3402703030632,8078.5153787571,7.06762607623939,10.85,27.31,25.5447917989279,2.49,1.815,64.2873893939536,10.227,70045349.0,91.0117186180372,68.85150146,281.78082898,90.0,0,0,0,0,0,0,0,0
Türkiye,TUR,2007,74.129,18.2,504.37646484,5.23760796,1.532,69.0,23.88428879,10.548976289451,8477.53328393352,5.10818513903604,11.12,27.69,26.0230347123947,2.52,2.005,65.3389618154687,10.285,70158112.0,91.1582344763068,68.78373718,346.92899464,96.0,0,0,0,0,0,0,0,0
Türkiye,TUR,2008,74.38,18.0,561.73529053,5.21761751,1.581,69.0,19.18195724,10.6651115563462,8447.93976396947,0.920118221365883,11.43,28.04,25.8316790992018,2.56,2.062,66.513650890377,10.965,71051678.0,92.3192677000637,72.69304657,408.34245861,96.0,0,0,0,0,0,0,0,0
Türkiye,TUR,2009,74.679,18.6,492.30032349,5.49438715,1.637,70.0,14.5079031,10.6998224266347,7925.30110421185,-4.88269401706633,11.77,28.36,24.7861065584816,2.6,2.133,67.8401432171223,14.026,72039206.0,93.6023881605447,80.49878693,396.29580014,96.0,0,0,0,0,0,0,0,0
Türkiye,TUR,2010,74.964,18.6,531.82861328,5.02053452,1.683,71.0,16.87221718,10.7533140956222,8472.57809050119,8.54219848467686,12.13,28.64,27.400178830788,2.73,2.251,69.3471253941487,11.879,73142150.0,95.0354715902447,77.99839783,414.81780181,97.0,0,0,0,0,0,0,0,0
Türkiye,TUR,2011,74.823,18.5,525.89105225,4.6530509,1.698,72.0,15.89518452,10.8086953023048,9265.85910238578,10.9799625273598,12.48,28.9,26.2322701397808,2.62,2.383,71.0028723528334,9.789,74223629.0,96.4406649948677,79.12835693,416.12256377,97.0,0,0,0,0,0,0,0,0
Türkiye,TUR,2012,75.552,18.2,520.44274902,4.44444656,1.726,74.0,15.9315958,10.8671677444952,9588.32066531438,4.80762696633448,12.85,29.13,25.8532567935669,2.66,2.505,73.7788680234324,9.21,75175827.0,97.6778802801346,79.17140961,412.04185602,97.0,0,0,0,0,0,0,0,0
Türkiye,TUR,2013,76.171,18.0,547.95465088,4.37099934,1.751,74.0,16.92680168,10.9531352120614,10269.4489140773,8.48825689298511,13.23,29.33,27.0510366227182,2.64,2.526,78.5218368384696,9.713,76147624.0,98.9405610488157,78.34962463,429.32579479,98.0,0,0,0,0,0,0,0,0
Türkiye,TUR,2014,76.452,17.9,520.40753174,4.32517862,1.738,74.0,17.72542191,11.0341588895581,10597.9801881716,4.60079447270559,13.63,29.49,27.1304265961408,2.65,2.502,83.6024850744433,9.901,77181884.0,100.284401595572,77.60512543,403.8646702,96.0,0,0,0,0,0,0,0,0
Türkiye,TUR,2015,76.539,17.7,444.70803833,4.11690426,1.765,75.0,16.94873238,11.118741262379,11064.6494504662,5.80557386628684,14.06,29.61,27.8628699204791,2.62,2.573,87.2167107972537,10.304,78218479.0,101.631276067721,78.13336182,347.46462423,97.0,0,0,0,0,0,0,0,0
Türkiye,TUR,2016,76.595,17.4,456.3659668,4.28469229,1.774,75.0,16.46614456,11.2973508098164,11279.6169531569,3.32366508200445,14.52,29.71,25.0696009071285,2.67,2.516,88.1020958581776,10.899,79277962.0,103.007889505347,78.44212341,357.98411923,98.0,0,0,0,0,0,0,0,0
Türkiye,TUR,2017,77.037,17.0,432.13754272,4.17974997,1.805,76.0,17.38420105,11.5614356110924,12005.6459824832,7.82585730002594,14.91,29.73,26.6452697088541,2.72,2.647,88.0320472717286,10.919,80312698.0,104.352348531112,77.71027374,335.81628252,96.0,0,0,0,0,0,0,0,0
Türkiye,TUR,2018,77.454,16.7,380.27835083,4.12101603,1.814,75.0,17.49141884,11.8938986966186,12255.0082146169,3.46815306092219,15.25,29.68,26.3300040473653,2.75,2.924,88.1655749576173,10.956,81407204.0,105.774468250978,77.38227081,294.26800546,98.0,0,0,0,0,0,0,0,0
Türkiye,TUR,2019,77.737,16.6,388.67486572,4.35954332,1.884,76.0,17.04763412,12.4389779416645,12238.2950220128,1.30162365464503,15.57,29.57,26.3268927229167,2.78,2.977,88.6618152857124,13.73,82579440.0,107.297584553617,77.68532562,301.9433535,99.0,0,0,0,0,0,0,0,0
Türkiye,TUR,2020,76.525,15.2,386.2593689,4.61640215,1.989,77.0,16.43061447,13.1307438407251,12338.643833135,1.80306247087255,15.91,29.43,25.1652909229836,2.92,3.326,88.9303114965222,13.148,83384680.0,108.343853540013,78.84537506,304.54764834,98.0,0,0,0,0,0,0,0,0
Türkiye,TUR,2021,75.722,15.4,431.33978271,4.56065559,2.118,77.0,16.27120399,13.7793439935438,13670.938029516,11.811094450607,16.25,29.26,25.2242202848915,2.94,3.349,89.1762048153239,11.969,84147318.0,109.334768655068,78.80183411,339.90366841,95.0,0,0,0,0,0,0,0,0
Türkiye,TUR,2022,77.591,,385.87997437,3.70338893,2.236,77.0,19.47843933,14.2743700861558,14273.5747654873,5.44122511322401,16.61,29.1,27.691660845571,3.01,3.483,89.0381164550781,10.465,84979913.0,110.416580694619,75.15867615,290.02229828,99.0,0,0,0,0,0,0,0,0
Türkiye,TUR,2023,77.156,,547.8145752,4.27524424,,77.0,19.04723167,14.6730315172246,14932.8851363122,5.04512369812289,,28.93,26.4041601035213,3.05,,89.0218446796121,9.388,85325965.0,110.866214934449,75.92346191,415.91976091,99.0,0,0,0,0,0,0,0,0
Iran,IRN,2000,70.166,18.9,79.89089203,4.72250843,,68.0,59.60016251,6.74420024393445,3885.30183360649,5.84552747578209,8.35,14.88,36.6465560582351,,,64.4780120849609,11.698,66418659.0,40.778665365063,37.70975113,30.12665695,99.0,0,0,0,0,0,0,0,0
Iran,IRN,2001,70.619,18.5,93.23036957,5.16087341,,69.0,59.23665619,6.72252328260376,3917.29935489016,2.39217271207868,8.57,15.37,36.4723770294369,1.62,,65.2168655395508,12.362,67452005.0,41.4131026056632,38.25937271,35.66935466,96.0,0,0,0,0,0,0,0,0
Iran,IRN,2002,71.112,18.2,104.64128113,4.65182209,,69.0,54.74597549,6.78030326779443,4198.95356080727,8.07882927975243,8.81,15.86,35.362362450169,1.63,,65.9271621704102,12.8,68011317.0,41.7565000368378,39.26384735,41.08619166,99.0,0,0,0,0,0,0,0,0
Iran,IRN,2003,70.464,17.7,115.51907349,4.95589161,,69.0,54.06885147,6.82982734248663,4511.43134034458,8.6392983972006,9.06,16.34,38.5541278060393,1.62,,66.6049270629883,11.529,68769340.0,42.2218988678504,39.40636063,45.52186244,99.0,0,0,0,0,0,0,0,0
Iran,IRN,2004,72.04,17.5,139.75932312,5.12801409,0.865,70.0,56.55964279,6.80599730383174,4607.45169088209,4.33666597851041,9.33,16.8,34.9555185321932,1.6,1.37,67.2567367553711,10.3,70256316.0,43.1348485964783,36.43323898,50.91885105,99.0,0,0,0,0,0,0,0,0
Iran,IRN,2005,72.446,17.2,169.8145752,5.29996157,0.861,70.0,56.094944,6.7870314398256,4650.35841490708,3.18980408728824,9.62,17.25,35.1401847092008,1.58,1.365,67.8708801269531,11.813,71828455.0,44.1000853409956,36.86399078,62.60042672,95.0,0,0,0,0,0,0,0,0
Iran,IRN,2006,72.895,16.9,192.07597351,5.15990877,0.515,70.0,51.68798828,6.78513478491715,4778.7934584732,4.99979526181222,9.93,17.68,38.4483997597332,1.59,1.624,68.3101850492144,11.519,73392747.0,45.0605043100273,41.67243958,80.04274357,98.0,0,0,0,0,0,0,0,0
Iran,IRN,2007,73.299,16.6,237.51042175,4.91188192,,71.0,53.21485901,6.83865644215434,5084.71796043623,8.15577352358517,10.27,18.1,40.884688438068,1.61,1.6796,68.806189933608,10.772,74602648.0,45.8033399641445,39.82310104,94.5840196,99.0,0,0,0,0,1,0,0,0
Iran,IRN,2008,73.683,16.2,288.85775757,5.03990459,,72.0,55.47851181,6.94410307353857,5035.94008533618,0.250856553493634,10.63,18.52,42.1040274366973,1.6,1.7352,69.3790072996746,10.63,75514204.0,46.3630025295317,37.07612228,107.09726394,99.0,0,0,0,0,1,0,0,0
Iran,IRN,2009,74.041,15.8,354.25738525,6.11493444,,72.0,56.02760696,7.07258114919439,5023.89314362941,1.00738545790475,11.02,18.94,42.9215967955247,1.5,1.7908,69.99007683587,12.113,76457825.0,46.9423518504875,36.65011978,129.83575958,99.0,0,0,0,0,1,0,0,0
Iran,IRN,2010,74.39,15.2,424.60494995,6.29153061,,73.0,59.39722061,7.22647739400766,5249.06133369759,5.79793830169604,11.42,19.35,43.283675536822,1.64,1.8464,70.6092626774386,13.679,77420842.0,47.5336096171321,32.35562897,137.38360424,99.0,0,0,0,0,1,0,0,0
Iran,IRN,2011,74.721,14.9,505.33276367,6.09787989,,73.0,57.52153397,7.40813275311899,5321.75870744453,2.6457179180628,11.82,19.77,42.452340283915,1.32,1.902,71.204050944517,12.491,78383598.0,48.1247071391734,33.31314087,168.34221511,99.0,0,0,0,0,0,0,0,0
Iran,IRN,2012,75.039,14.9,500.21826172,6.12235355,,76.0,54.96147537,7.61560870519685,5058.64637811835,-3.74717139864109,12.22,20.18,40.6183895493049,1.65,1.7636666666666667,71.7633634041294,12.275,79370580.0,48.7306785530097,33.5519104,167.83278223,99.0,0,0,0,0,1,0,0,0
Iran,IRN,2013,75.349,15.0,412.02786255,5.73697805,,77.0,47.86219025,7.84537158439599,4916.97291948475,-1.52197920494184,12.64,20.61,39.7950964350363,1.72,1.6253333333333333,72.3030873515412,10.595,80414686.0,49.3717220462192,37.90558624,156.18158183,98.0,0,0,0,0,1,0,0,0
Iran,IRN,2014,75.635,15.2,395.027771,6.81539536,1.43,77.0,40.10943604,8.14872592002641,5093.20319702187,4.98477506709476,13.09,21.05,39.6402680545656,1.78,1.487,72.8324070385223,10.68,81502045.0,50.0393213241976,48.08059692,189.9317243,99.0,0,0,0,0,0,0,0,0
Iran,IRN,2015,75.907,15.3,423.28967285,8.38232708,1.095,77.0,38.95087051,8.53181837194809,4952.73355532178,-1.42488493937503,13.55,21.5,40.7995075467019,1.79,1.796,73.3561403575949,11.166,82619362.0,50.7253137356025,50.31786728,212.99033037,98.0,0,0,0,0,0,0,0,0
Iran,IRN,2016,76.155,15.2,433.9196167,7.80285025,,78.0,36.55317688,8.93238653012797,5312.61724954192,8.8150866425182,14.04,21.98,39.6507104954164,1.88,2.145,73.8796100096595,12.618,83812228.0,51.4576905130283,52.8751564,229.43568112,99.0,0,0,0,0,1,0,0,0
Iran,IRN,2017,76.396,15.1,457.22549438,7.71801233,1.071,78.0,32.80345154,9.33970407913464,5395.2398398598,3.02685468694025,14.34,22.42,40.0923628918798,1.9,2.494,74.4011840820312,12.232,85026754.0,52.4047790446841,54.3501091,248.50255228,99.0,0,0,0,0,0,0,0,0
Iran,IRN,2018,76.621,14.9,244.21661377,6.63571692,1.505,79.0,39.99976349,9.75212743986881,5127.22495367018,-3.74796015711334,14.45,22.78,41.7863693968445,1.93,1.973,74.8034286499023,12.195,86117998.0,53.0773485362096,47.77267075,116.6687932,99.0,0,0,0,0,0,0,0,0
Iran,IRN,2019,76.855,14.9,223.64257813,6.23426771,,80.0,39.13536072,10.1576571036537,4952.45669081078,-2.36143538770575,14.51,23.1,39.3567217936452,1.85,2.1536,75.2038879394531,10.74,87051648.0,53.6527876733436,44.1107254,98.65036151,99.0,0,0,0,0,1,0,0,0
Iran,IRN,2020,74.141,13.9,184.90914917,4.96098137,,80.0,37.40495682,10.4778613494491,5132.82430762118,4.44180865358672,14.57,23.4,38.7645483904147,,2.3342,75.5986404418945,9.687,87723443.0,54.0668369799692,49.89759827,92.26521895,99.0,0,0,0,0,1,0,0,0
Iran,IRN,2021,73.752,13.9,196.66934204,4.85886621,,81.0,41.70082092,10.725242871787,5300.62271961895,4.13089685034471,14.64,23.7,41.088278911137,,2.5148,75.9926376342773,9.282,88455488.0,54.518020338983,46.86421967,92.16755425,98.0,0,0,0,0,1,0,0,0
Iran,IRN,2022,76.799,,250.23272705,5.62794113,,81.0,41.58701706,11.032576380602,5465.31447539413,4.35281087521344,14.71,23.98,43.8957340729139,,2.6954,76.3342208862305,9.085,89524246.0,55.1767309707242,46.72981644,116.93330201,99.0,0,0,0,0,1,0,0,0
Iran,IRN,2023,77.654,,267.059021,6.02542305,1.811,81.0,43.14528656,11.4319710586764,5687.84396268742,5.33235116079808,,24.27,40.2453897732326,,2.876,76.6759567260742,8.129,90608707.0,55.8451198767334,46.72418594,124.78116253,99.0,0,0,0,0,0,0,0,0
Libya,LBY,2000,70.542,20.0,247.1134491,3.31908512,,66.0,51.29111099,5.73180354026778,10853.8059516526,3.6792704082,17.5,23.82,22.873705106782,4.12,,86.9508513726842,19.275,5305021.0,3.01500448980984,48.70888901,120.36621216,94.0,0,0,0,0,0,0,0,0
Libya,LBY,2001,70.653,20.9,255.77108765,3.92571616,,67.0,45.52794266,5.82949192530491,10467.8776146012,-1.76283887062603,18.03,24.59,24.7886160176987,3.85,,87.3194455877457,19.239,5403639.0,3.07105209316071,54.47205734,139.32377318,94.0,0,0,0,0,0,0,0,0
Libya,LBY,2002,70.788,21.2,181.7310791,4.73818302,,67.0,33.08924103,5.90734105140629,10170.3095776338,-0.958897332849631,18.56,25.37,23.6369405934109,3.9,,87.6256192750746,19.281,5508410.0,3.13059663321095,66.91075897,121.59764521,93.0,0,0,0,0,0,0,0,0
Libya,LBY,2003,70.996,21.4,189.72729492,3.97301245,,67.0,33.75513458,5.94957032954667,11267.0627623548,13.0160372478013,19.1,26.14,25.3647347773243,3.9,,87.8659880500458,19.074,5619398.0,3.19367448310354,66.24486542,125.68459704,95.0,0,0,0,0,0,0,0,0
Libya,LBY,2004,71.21,20.9,200.83604431,3.38328195,1.232,67.0,34.21350861,5.99516976461734,11529.1086646221,4.46163899648637,19.65,26.9,26.6298931726852,3.9,4.734,88.0371675280346,18.938,5736693.0,3.26033679257079,65.78649139,132.12298449,97.0,0,0,0,0,0,0,0,0
Libya,LBY,2005,71.439,20.9,209.878479,2.51707149,,68.0,35.34671783,6.05767524517697,12628.896152656,11.8707565226151,20.2,27.65,27.4465945187141,3.4,4.89325,88.135773324416,18.66,5858798.0,3.32973277106516,64.65328217,135.69332399,98.0,0,0,0,0,1,0,0,0
Libya,LBY,2006,71.632,20.1,231.11968994,2.29996443,,68.0,34.62698746,6.05969097589209,13176.7758911904,6.50052541959279,20.76,28.28,23.0376447604199,3.7,5.0525,88.1599560242948,18.805,5980211.0,3.39873546495107,65.3585968,151.05659311,98.0,0,0,0,0,1,0,0,0
Libya,LBY,2007,71.788,20.6,269.63085938,2.41929626,,68.0,33.44186401,6.05740172193149,13712.9602583972,6.22998278561838,21.32,28.8,23.160044300785,3.7,5.21175,88.1560287475586,18.771,6104380.0,3.46930447730657,66.52918243,179.38320259,98.0,0,0,0,0,1,0,0,0
Libya,LBY,2008,71.936,20.7,312.11196899,2.24441886,1.79,68.0,32.26567841,6.07267863332145,13403.0004645911,-0.162048238799883,21.9,29.3,24.5041949114934,3.7,5.371,88.1474456787109,19.041,6235430.0,3.54378417086284,67.65815735,211.16919678,98.0,0,0,0,0,0,0,0,0
Libya,LBY,2009,72.071,20.6,342.20449829,3.5828805,1.886,68.0,31.10063171,6.07845814162436,12549.0854345521,-4.4001817631021,22.49,29.79,25.0604894111113,3.7,6.751,88.1345825195312,19.29,6366686.0,3.61838094047308,68.7928009,235.41205576,98.0,0,0,0,0,0,0,0,0
Libya,LBY,2010,72.196,20.0,380.58596802,3.28064442,,69.0,29.97363663,6.09725015329734,12913.9334939386,5.0272476723775,23.06,30.26,28.7237359145321,3.7,6.80775,88.1177139282227,19.321,6497839.0,3.69291917205633,69.93810272,266.17461241,98.0,0,0,0,0,1,0,0,0
Libya,LBY,2011,69.95,20.6,305.20037842,4.01902008,,69.0,36.66828537,6.46730699281292,6569.59477578957,-50.3385151384986,23.6,30.7,21.9932635411793,3.7,6.8645,88.0970458984375,19.504,6343203.0,3.60503483865101,63.29393005,193.17331314,98.0,0,0,0,0,1,0,0,0
Libya,LBY,2012,72.188,19.5,592.46356201,3.95612097,,68.0,26.10513496,6.85616327181787,12599.258882136,86.8267484395784,24.12,31.13,19.5989872312007,3.7,6.92125,88.0727920532227,19.03,6179328.0,3.51189970105823,73.7844162,437.14577995,98.0,0,0,0,0,1,0,0,0
Libya,LBY,2013,72.339,18.7,594.65338135,4.97548628,,70.0,26.54751015,6.83207981350013,10126.314927806,-17.9979615745681,24.63,31.51,26.0007098317684,3.7,6.978,88.0451431274414,19.311,6304628.0,3.58311149504984,73.39673615,436.45618556,96.0,0,0,0,0,0,0,0,0
Libya,LBY,2014,71.3,19.9,462.19216919,5.17777824,2.037,70.0,33.62598038,6.85498406342662,7644.24843947404,-23.0428058282215,25.13,31.88,21.0489362107904,3.7,6.724,88.0142059326172,19.295,6427252.0,3.65280243700058,66.22792816,306.10030743,94.0,0,0,0,0,0,0,0,0
Libya,LBY,2015,71.644,20.4,433.06808472,5.80638647,1.861,71.0,30.7180233,6.94326021606656,7458.48917756374,-0.842656252118843,25.64,32.22,19.9465456229364,3.7,6.608333333333333,87.8159103393555,19.69,6531819.0,3.71223103765757,69.26644135,299.97084703,97.0,0,0,0,0,1,0,0,0
Libya,LBY,2016,71.799,20.9,464.47531128,6.17178679,,71.0,32.49470139,7.03082964574141,7236.16409923502,-1.4909411172622,26.15,32.54,23.8023126391933,3.7,6.492666666666667,87.8160056703177,19.559,6632126.0,3.76923855098492,67.48332214,313.44336609,97.0,0,0,0,0,1,0,0,0
Libya,LBY,2017,72.721,21.3,466.08538818,4.67685318,2.042,71.0,33.7814064,7.07884553643113,9435.60060040046,32.4918021862688,26.55,32.8,18.552971523378,3.2,6.377,87.8166729870528,19.053,6738770.0,3.8298475737977,66.1840744,308.47429713,97.0,0,0,0,0,0,0,0,0
Libya,LBY,2018,73.151,21.4,544.88079834,4.86648417,,68.0,28.24106407,7.07821506115022,10020.9165751361,7.9413678529104,26.85,32.98,23.4179656275532,3.2,,87.818484275334,18.865,6849055.0,3.89252588744786,71.54103851,389.81335232,73.0,0,0,0,0,0,0,0,0
Libya,LBY,2019,72.941,20.9,552.73168945,5.54773426,,70.0,28.01715851,7.0619730215132,8768.4104874586,-11.1960828853386,27.13,33.13,20.0089753588808,3.2,,87.8220115209342,19.087,6951033.0,3.95048308080521,71.29649353,394.07827253,73.0,0,0,0,0,0,0,0,0
Libya,LBY,2020,72.388,20.7,472.62240601,7.10674047,,71.0,21.1413517,7.05179475967012,6102.79864032512,-29.4552967282824,27.41,33.26,18.8604995298583,3.2,,87.8278267096263,19.651,7045399.0,4.00411414346932,78.61562347,371.55503051,73.0,0,0,0,0,0,0,0,0
Libya,LBY,2021,72.062,19.8,298.84338379,6.05457449,,69.0,24.39114189,7.04511391964212,7731.35448152581,28.2996823429147,27.7,33.37,22.0481982301485,3.2,,87.8365018271835,19.779,7135175.0,4.05513656978528,73.86416626,220.73815774,73.0,0,0,0,0,0,0,0,0
Libya,LBY,2022,74.462,,284.0262146,4.74433613,,71.0,31.84949112,7.11504425512974,7002.68189296358,-8.29981811198795,28.0,33.47,23.18471682259,3.5,,87.8486088593786,19.238,7223805.0,4.10550768950976,66.36248779,188.48684542,73.0,0,0,0,0,0,0,0,0
Libya,LBY,2023,69.339,,470.4034729,7.80515862,,71.0,19.17657852,7.26335979534217,7630.49664928174,10.2000497852517,,33.56,20.014492731108,,,87.8647197919848,18.713,7305659.0,4.15202780272117,80.14811707,377.01951102,73.0,0,0,0,0,0,0,0,0
