"Data Source","World Development Indicators",

"Last Updated Date","2026-07-13",

"Country Name","Country Code","Indicator Name","Indicator Code","1960","1961","1962","1963","1964","1965","1966","1967","1968","1969","1970","1971","1972","1973","1974","1975","1976","1977","1978","1979","1980","1981","1982","1983","1984","1985","1986","1987","1988","1989","1990","1991","1992","1993","1994","1995","1996","1997","1998","1999","2000","2001","2002","2003","2004","2005","2006","2007","2008","2009","2010","2011","2012","2013","2014","2015","2016","2017","2018","2019","2020","2021","2022","2023","2024","2025",
"Aruba","ABW","Prevalence of current tobacco use (% of adults)","SH.PRV.SMOK","","","","","","","","","","","","","","","","","","","","","","","","","","","","","","","","","","","","","","","","","","","","","","","","","","","","","","","","","","","","","","","","","","",
"Africa Eastern and Southern","AFE","Prevalence of current tobacco use (% of adults)","SH.PRV.SMOK","","","","","","","","","","","","","","","","","","","","","","","","","","","","","","","","","","","","","","","","","22.2256001823416","","","","","18.9998210771642","","17.8892622191169","","","16.4335981663997","","","","","14.3939896121449","","","","","12.7178116945925","","12.1786708462139","11.8997926098489","11.650004712267","",
"Afghanistan","AFG","Prevalence of current tobacco use (% of adults)","SH.PRV.SMOK","","","","","","","","","","","","","","","","","","","","","","","","","","","","","","","","","","","","","","","","","38","","","","","33.5","","31.8","","","29.7","","","","","26.4","","","","","23.7","","22.9","22.4","22.1","",
"Africa Western and Central","AFW","Prevalence of current tobacco use (% of adults)","SH.PRV.SMOK","","","","","","","","","","","","","","","","","","","","","","","","","","","","","","","","","","","","","","","","","13.4934319868741","","","","","10.9087536446105","","10.0395085216318","","","8.88409674342206","","","","","7.30858597966443","","","","","5.98435716593028","","5.62565457493953","5.4700407694692","5.30691092108558","",
"Angola","AGO","Prevalence of current tobacco use (% of adults)","SH.PRV.SMOK","","","","","","","","","","","","","","","","","","","","","","","","","","","","","","","","","","","","","","","","","","","","","","","","","","","","","","","","","","","","","","","","","","",
"Albania","ALB","Prevalence of current tobacco use (% of adults)","SH.PRV.SMOK","","","","","","","","","","","","","","","","","","","","","","","","","","","","","","","","","","","","","","","","","34.1","","","","","31","","29.8","","","28.1","","","","","25.5","","","","","23.2","","22.3","21.8","21.4","",
"Andorra","AND","Prevalence of current tobacco use (% of adults)","SH.PRV.SMOK","","","","","","","","","","","","","","","","","","","","","","","","","","","","","","","","","","","","","","","","","36","","","","","35.5","","35.7","","","35.4","","","","","35.4","","","","","35.3","","35.4","35.5","35.5","",
"Arab World","ARB","Prevalence of current tobacco use (% of adults)","SH.PRV.SMOK","","","","","","","","","","","","","","","","","","","","","","","","","","","","","","","","","","","","","","","","","21.4656836179536","","","","","20.9978442808751","","20.8390597688943","","","20.7545924949028","","","","","20.685667873581","","","","","20.8484026368953","","20.9596728326355","21.0026634973714","21.0179610279273","",
"United Arab Emirates","ARE","Prevalence of current tobacco use (% of adults)","SH.PRV.SMOK","","","","","","","","","","","","","","","","","","","","","","","","","","","","","","","","","","","","","","","","","16.9","","","","","14.7","","13.9","","","12.7","","","","","11.2","","","","","9.9","","9.4","9.2","9","",
"Argentina","ARG","Prevalence of current tobacco use (% of adults)","SH.PRV.SMOK","","","","","","","","","","","","","","","","","","","","","","","","","","","","","","","","","","","","","","","","","33.1","","","","","30.8","","29.9","","","28.7","","","","","26.7","","","","","24.8","","24.3","24","23.5","",
"Armenia","ARM","Prevalence of current tobacco use (% of adults)","SH.PRV.SMOK","","","","","","","","","","","","","","","","","","","","","","","","","","","","","","","","","","","","","","","","","34","","","","","32.3","","31.6","","","30.6","","","","","28.9","","","","","27.4","","26.6","26.4","26.2","",
"American Samoa","ASM","Prevalence of current tobacco use (% of adults)","SH.PRV.SMOK","","","","","","","","","","","","","","","","","","","","","","","","","","","","","","","","","","","","","","","","","","","","","","","","","","","","","","","","","","","","","","","","","","",
"Antigua and Barbuda","ATG","Prevalence of current tobacco use (% of adults)","SH.PRV.SMOK","","","","","","","","","","","","","","","","","","","","","","","","","","","","","","","","","","","","","","","","","","","","","","","","","","","","","","","","","","","","","","","","","","",
"Australia","AUS","Prevalence of current tobacco use (% of adults)","SH.PRV.SMOK","","","","","","","","","","","","","","","","","","","","","","","","","","","","","","","","","","","","","","","","","24.9","","","","","21.2","","19.9","","","18.1","","","","","15.4","","","","","13.2","","12.4","12","11.6","",
"Austria","AUT","Prevalence of current tobacco use (% of adults)","SH.PRV.SMOK","","","","","","","","","","","","","","","","","","","","","","","","","","","","","","","","","","","","","","","","","49.8","","","","","42.5","","39.9","","","36.5","","","","","31.2","","","","","26.8","","25.3","24.6","23.8","",
"Azerbaijan","AZE","Prevalence of current tobacco use (% of adults)","SH.PRV.SMOK","","","","","","","","","","","","","","","","","","","","","","","","","","","","","","","","","","","","","","","","","31.5","","","","","28.2","","26.9","","","25.1","","","","","22.4","","","","","20.2","","19.3","19","18.7","",
"Burundi","BDI","Prevalence of current tobacco use (% of adults)","SH.PRV.SMOK","","","","","","","","","","","","","","","","","","","","","","","","","","","","","","","","","","","","","","","","","27.4","","","","","21.8","","19.9","","","17.5","","","","","14.1","","","","","11.7","","10.9","10.5","10.1","",
"Belgium","BEL","Prevalence of current tobacco use (% of adults)","SH.PRV.SMOK","","","","","","","","","","","","","","","","","","","","","","","","","","","","","","","","","","","","","","","","","29.7","","","","","28.3","","27.8","","","27","","","","","25.7","","","","","24.5","","24","23.8","23.5","",
"Benin","BEN","Prevalence of current tobacco use (% of adults)","SH.PRV.SMOK","","","","","","","","","","","","","","","","","","","","","","","","","","","","","","","","","","","","","","","","","14.4","","","","","12.4","","11.7","","","10.8","","","","","9.4","","","","","8.2","","7.8","7.6","7.4","",
"Burkina Faso","BFA","Prevalence of current tobacco use (% of adults)","SH.PRV.SMOK","","","","","","","","","","","","","","","","","","","","","","","","","","","","","","","","","","","","","","","","","32","","","","","25.3","","23.1","","","20.3","","","","","16.5","","","","","13.5","","12.5","12","11.6","",
"Bangladesh","BGD","Prevalence of current tobacco use (% of adults)","SH.PRV.SMOK","","","","","","","","","","","","","","","","","","","","","","","","","","","","","","","","","","","","","","","","","57.9","","","","","50.9","","48","","","44.2","","","","","39.1","","","","","34.9","","33.3","32.7","32","",
"Bulgaria","BGR","Prevalence of current tobacco use (% of adults)","SH.PRV.SMOK","","","","","","","","","","","","","","","","","","","","","","","","","","","","","","","","","","","","","","","","","44","","","","","42.5","","42.2","","","41.4","","","","","40.4","","","","","39.4","","39.1","38.8","38.7","",
"Bahrain","BHR","Prevalence of current tobacco use (% of adults)","SH.PRV.SMOK","","","","","","","","","","","","","","","","","","","","","","","","","","","","","","","","","","","","","","","","","21.1","","","","","19.6","","19.1","","","18.3","","","","","17.2","","","","","16.1","","15.7","15.5","15.4","",
"Bahamas, The","BHS","Prevalence of current tobacco use (% of adults)","SH.PRV.SMOK","","","","","","","","","","","","","","","","","","","","","","","","","","","","","","","","","","","","","","","","","13.4","","","","","13.9","","14.2","","","14.6","","","","","15.5","","","","","16.5","","17","17.1","17.3","",
"Bosnia and Herzegovina","BIH","Prevalence of current tobacco use (% of adults)","SH.PRV.SMOK","","","","","","","","","","","","","","","","","","","","","","","","","","","","","","","","","","","","","","","","","46.3","","","","","43.9","","43.1","","","41.9","","","","","40","","","","","38.2","","37.6","37.3","37.1","",
"Belarus","BLR","Prevalence of current tobacco use (% of adults)","SH.PRV.SMOK","","","","","","","","","","","","","","","","","","","","","","","","","","","","","","","","","","","","","","","","","43.1","","","","","39.8","","38.3","","","36.6","","","","","33.7","","","","","31.1","","30.2","29.7","29.2","",
"Belize","BLZ","Prevalence of current tobacco use (% of adults)","SH.PRV.SMOK","","","","","","","","","","","","","","","","","","","","","","","","","","","","","","","","","","","","","","","","","13.8","","","","","12.4","","11.9","","","11.2","","","","","10.1","","","","","9.1","","8.8","8.7","8.5","",
"Bermuda","BMU","Prevalence of current tobacco use (% of adults)","SH.PRV.SMOK","","","","","","","","","","","","","","","","","","","","","","","","","","","","","","","","","","","","","","","","","","","","","","","","","","","","","","","","","","","","","","","","","","",
"Bolivia","BOL","Prevalence of current tobacco use (% of adults)","SH.PRV.SMOK","","","","","","","","","","","","","","","","","","","","","","","","","","","","","","","","","","","","","","","","","29.8","","","","","23.7","","21.7","","","19.3","","","","","16.2","","","","","13.8","","13","12.8","12.3","",
"Brazil","BRA","Prevalence of current tobacco use (% of adults)","SH.PRV.SMOK","","","","","","","","","","","","","","","","","","","","","","","","","","","","","","","","","","","","","","","","","23.2","","","","","20.1","","19","","","17.5","","","","","15.2","","","","","13.2","","12.5","12.2","11.9","",
"Barbados","BRB","Prevalence of current tobacco use (% of adults)","SH.PRV.SMOK","","","","","","","","","","","","","","","","","","","","","","","","","","","","","","","","","","","","","","","","","","","","","","","","","","","","","","","","","","","","","","","","","","",
"Brunei Darussalam","BRN","Prevalence of current tobacco use (% of adults)","SH.PRV.SMOK","","","","","","","","","","","","","","","","","","","","","","","","","","","","","","","","","","","","","","","","","19","","","","","17.8","","17.4","","","16.8","","","","","15.9","","","","","15","","14.7","14.6","14.5","",
"Bhutan","BTN","Prevalence of current tobacco use (% of adults)","SH.PRV.SMOK","","","","","","","","","","","","","","","","","","","","","","","","","","","","","","","","","","","","","","","","","31.8","","","","","28.1","","26.9","","","25","","","","","22.7","","","","","20.9","","20.2","19.9","19.6","",
"Botswana","BWA","Prevalence of current tobacco use (% of adults)","SH.PRV.SMOK","","","","","","","","","","","","","","","","","","","","","","","","","","","","","","","","","","","","","","","","","33.9","","","","","28.9","","27.3","","","25","","","","","22.1","","","","","19.6","","18.8","18.4","18","",
"Central African Republic","CAF","Prevalence of current tobacco use (% of adults)","SH.PRV.SMOK","","","","","","","","","","","","","","","","","","","","","","","","","","","","","","","","","","","","","","","","","","","","","","","","","","","","","","","","","","","","","","","","","","",
"Canada","CAN","Prevalence of current tobacco use (% of adults)","SH.PRV.SMOK","","","","","","","","","","","","","","","","","","","","","","","","","","","","","","","","","","","","","","","","","28.9","","","","","23.6","","21.8","","","19.3","","","","","15.9","","","","","13","","12.1","11.7","11.2","",
"Central Europe and the Baltics","CEB","Prevalence of current tobacco use (% of adults)","SH.PRV.SMOK","","","","","","","","","","","","","","","","","","","","","","","","","","","","","","","","","","","","","","","","","38.8641399376916","","","","","35.9439456513516","","34.844600092495","","","33.2652187972831","","","","","30.9704689861611","","","","","28.8636838554331","","28.1151926163675","27.7066617436376","27.3942804714126","",
"Switzerland","CHE","Prevalence of current tobacco use (% of adults)","SH.PRV.SMOK","","","","","","","","","","","","","","","","","","","","","","","","","","","","","","","","","","","","","","","","","30.4","","","","","28.6","","27.9","","","26.9","","","","","25.6","","","","","24.1","","23.6","23.4","23.1","",
"Channel Islands","CHI","Prevalence of current tobacco use (% of adults)","SH.PRV.SMOK","","","","","","","","","","","","","","","","","","","","","","","","","","","","","","","","","","","","","","","","","","","","","","","","","","","","","","","","","","","","","","","","","","",
"Chile","CHL","Prevalence of current tobacco use (% of adults)","SH.PRV.SMOK","","","","","","","","","","","","","","","","","","","","","","","","","","","","","","","","","","","","","","","","","47","","","","","41.7","","39.7","","","37","","","","","32.9","","","","","29.3","","27.9","27.3","26.7","",
"China","CHN","Prevalence of current tobacco use (% of adults)","SH.PRV.SMOK","","","","","","","","","","","","","","","","","","","","","","","","","","","","","","","","","","","","","","","","","27.1","","","","","26","","25.6","","","25.1","","","","","24.3","","","","","23.4","","23.1","23","22.8","",
"Cote d'Ivoire","CIV","Prevalence of current tobacco use (% of adults)","SH.PRV.SMOK","","","","","","","","","","","","","","","","","","","","","","","","","","","","","","","","","","","","","","","","","21.4","","","","","17","","15.5","","","13.6","","","","","10.8","","","","","8.7","","8","7.7","7.3","",
"Cameroon","CMR","Prevalence of current tobacco use (% of adults)","SH.PRV.SMOK","","","","","","","","","","","","","","","","","","","","","","","","","","","","","","","","","","","","","","","","","15.8","","","","","12.6","","11.6","","","10.2","","","","","8.2","","","","","6.7","","6.1","5.9","5.7","",
"Congo, Dem. Rep.","COD","Prevalence of current tobacco use (% of adults)","SH.PRV.SMOK","","","","","","","","","","","","","","","","","","","","","","","","","","","","","","","","","","","","","","","","","19.7","","","","","17.5","","16.7","","","15.7","","","","","14.3","","","","","13.1","","12.7","12.5","12.3","",
"Congo, Rep.","COG","Prevalence of current tobacco use (% of adults)","SH.PRV.SMOK","","","","","","","","","","","","","","","","","","","","","","","","","","","","","","","","","","","","","","","","","11.7","","","","","12.2","","12.4","","","12.9","","","","","13.8","","","","","15","","15.5","15.9","16.2","",
"Colombia","COL","Prevalence of current tobacco use (% of adults)","SH.PRV.SMOK","","","","","","","","","","","","","","","","","","","","","","","","","","","","","","","","","","","","","","","","","14.4","","","","","12.7","","12.1","","","11.2","","","","","9.9","","","","","8.8","","8.3","8.2","8","",
"Comoros","COM","Prevalence of current tobacco use (% of adults)","SH.PRV.SMOK","","","","","","","","","","","","","","","","","","","","","","","","","","","","","","","","","","","","","","","","","57","","","","","36.4","","30.4","","","23.6","","","","","16.2","","","","","11.5","","10.2","9.5","8.9","",
"Cabo Verde","CPV","Prevalence of current tobacco use (% of adults)","SH.PRV.SMOK","","","","","","","","","","","","","","","","","","","","","","","","","","","","","","","","","","","","","","","","","20.5","","","","","17.7","","16.7","","","15.3","","","","","13.3","","","","","11.6","","11","10.7","10.4","",
"Costa Rica","CRI","Prevalence of current tobacco use (% of adults)","SH.PRV.SMOK","","","","","","","","","","","","","","","","","","","","","","","","","","","","","","","","","","","","","","","","","17.3","","","","","14.6","","13.7","","","12.4","","","","","10.5","","","","","9","","8.4","8.2","7.9","",
"Caribbean small states","CSS","Prevalence of current tobacco use (% of adults)","SH.PRV.SMOK","","","","","","","","","","","","","","","","","","","","","","","","","","","","","","","","","","","","","","","","","","","","","","","","","","","","","","","","","","","","","","","","","","",
"Cuba","CUB","Prevalence of current tobacco use (% of adults)","SH.PRV.SMOK","","","","","","","","","","","","","","","","","","","","","","","","","","","","","","","","","","","","","","","","","40.5","","","","","33.2","","30.7","","","27.3","","","","","22.5","","","","","18.6","","17.3","16.7","16.1","",
"Curacao","CUW","Prevalence of current tobacco use (% of adults)","SH.PRV.SMOK","","","","","","","","","","","","","","","","","","","","","","","","","","","","","","","","","","","","","","","","","","","","","","","","","","","","","","","","","","","","","","","","","","",
"Cayman Islands","CYM","Prevalence of current tobacco use (% of adults)","SH.PRV.SMOK","","","","","","","","","","","","","","","","","","","","","","","","","","","","","","","","","","","","","","","","","","","","","","","","","","","","","","","","","","","","","","","","","","",
"Cyprus","CYP","Prevalence of current tobacco use (% of adults)","SH.PRV.SMOK","","","","","","","","","","","","","","","","","","","","","","","","","","","","","","","","","","","","","","","","","40","","","","","38.2","","37.5","","","36.4","","","","","34.8","","","","","33.6","","32.8","32.6","32.5","",
"Czechia","CZE","Prevalence of current tobacco use (% of adults)","SH.PRV.SMOK","","","","","","","","","","","","","","","","","","","","","","","","","","","","","","","","","","","","","","","","","34.7","","","","","33.3","","32.7","","","31.9","","","","","30.6","","","","","29.3","","28.8","28.5","28.4","",
"Germany","DEU","Prevalence of current tobacco use (% of adults)","SH.PRV.SMOK","","","","","","","","","","","","","","","","","","","","","","","","","","","","","","","","","","","","","","","","","34.9","","","","","31.6","","30.4","","","28.7","","","","","26.1","","","","","23.7","","22.8","22.4","22","",
"Djibouti","DJI","Prevalence of current tobacco use (% of adults)","SH.PRV.SMOK","","","","","","","","","","","","","","","","","","","","","","","","","","","","","","","","","","","","","","","","","","","","","","","","","","","","","","","","","","","","","","","","","","",
"Dominica","DMA","Prevalence of current tobacco use (% of adults)","SH.PRV.SMOK","","","","","","","","","","","","","","","","","","","","","","","","","","","","","","","","","","","","","","","","","","","","","","","","","","","","","","","","","","","","","","","","","","",
"Denmark","DNK","Prevalence of current tobacco use (% of adults)","SH.PRV.SMOK","","","","","","","","","","","","","","","","","","","","","","","","","","","","","","","","","","","","","","","","","38.3","","","","","31.8","","29.6","","","26.4","","","","","22","","","","","18.2","","17","16.3","15.7","",
"Dominican Republic","DOM","Prevalence of current tobacco use (% of adults)","SH.PRV.SMOK","","","","","","","","","","","","","","","","","","","","","","","","","","","","","","","","","","","","","","","","","","","","","","","","","","","","","","","","","","","","","","","","","","",
"Algeria","DZA","Prevalence of current tobacco use (% of adults)","SH.PRV.SMOK","","","","","","","","","","","","","","","","","","","","","","","","","","","","","","","","","","","","","","","","","20.5","","","","","20.5","","20.6","","","20.7","","","","","21.2","","","","","21.7","","22.1","22.3","22.4","",
"East Asia & Pacific (excluding high income)","EAP","Prevalence of current tobacco use (% of adults)","SH.PRV.SMOK","","","","","","","","","","","","","","","","","","","","","","","","","","","","","","","","","","","","","","","","","29.607036812296","","","","","28.0921532566219","","27.5272600562667","","","26.7917599961221","","","","","25.677977370727","","","","","24.562937622912","","24.171889998364","24.0101866800036","23.7974772542046","",
"Early-demographic dividend","EAR","Prevalence of current tobacco use (% of adults)","SH.PRV.SMOK","","","","","","","","","","","","","","","","","","","","","","","","","","","","","","","","","","","","","","","","","42.9794051325896","","","","","37.2549928112097","","35.0145466768109","","","32.0950915409935","","","","","27.8473000061093","","","","","24.4691998682943","","23.3144399758685","22.7489652102529","22.1908572001902","",
"East Asia & Pacific","EAS","Prevalence of current tobacco use (% of adults)","SH.PRV.SMOK","","","","","","","","","","","","","","","","","","","","","","","","","","","","","","","","","","","","","","","","","29.9525973987152","","","","","28.1357696012495","","27.4594692246218","","","26.577003771253","","","","","25.2563761333871","","","","","23.9825004834073","","23.5424482712377","23.3462548685429","23.1108791804012","",
"Europe & Central Asia (excluding high income)","ECA","Prevalence of current tobacco use (% of adults)","SH.PRV.SMOK","","","","","","","","","","","","","","","","","","","","","","","","","","","","","","","","","","","","","","","","","35.8675494884174","","","","","33.0924489179754","","32.0038319035136","","","30.5959659806391","","","","","28.5333103162792","","","","","26.8506384232091","","26.2490526776047","25.9959661566731","25.7154175385521","",
"Europe & Central Asia","ECS","Prevalence of current tobacco use (% of adults)","SH.PRV.SMOK","","","","","","","","","","","","","","","","","","","","","","","","","","","","","","","","","","","","","","","","","36.386037839726","","","","","33.3149384386395","","32.2027030481061","","","30.5994598395725","","","","","28.2796483829991","","","","","26.3163954571395","","25.5637895427957","25.2079676602986","24.8821942073267","",
"Ecuador","ECU","Prevalence of current tobacco use (% of adults)","SH.PRV.SMOK","","","","","","","","","","","","","","","","","","","","","","","","","","","","","","","","","","","","","","","","","14.1","","","","","13.1","","12.7","","","12.1","","","","","11.3","","","","","10.7","","10.4","10.2","10.1","",
"Egypt, Arab Rep.","EGY","Prevalence of current tobacco use (% of adults)","SH.PRV.SMOK","","","","","","","","","","","","","","","","","","","","","","","","","","","","","","","","","","","","","","","","","19.7","","","","","20.4","","20.8","","","21.5","","","","","22.6","","","","","23.9","","24.4","24.7","25","",
"Euro area","EMU","Prevalence of current tobacco use (% of adults)","SH.PRV.SMOK","","","","","","","","","","","","","","","","","","","","","","","","","","","","","","","","","","","","","","","","","34.0523569721134","","","","","32.0214781777527","","31.2943170601787","","","30.2364788500053","","","","","28.5932062325571","","","","","27.1822209780786","","26.6502896994463","26.369398657121","26.148215458169","",
"Eritrea","ERI","Prevalence of current tobacco use (% of adults)","SH.PRV.SMOK","","","","","","","","","","","","","","","","","","","","","","","","","","","","","","","","","","","","","","","","","","","","","","","","","","","","","","","","","","","","","","","","","","",
"Spain","ESP","Prevalence of current tobacco use (% of adults)","SH.PRV.SMOK","","","","","","","","","","","","","","","","","","","","","","","","","","","","","","","","","","","","","","","","","34.7","","","","","33.1","","32.4","","","31.5","","","","","30","","","","","28.5","","28.1","27.9","27.6","",
"Estonia","EST","Prevalence of current tobacco use (% of adults)","SH.PRV.SMOK","","","","","","","","","","","","","","","","","","","","","","","","","","","","","","","","","","","","","","","","","47.8","","","","","42","","40","","","37.1","","","","","32.6","","","","","28.9","","27.5","26.8","26.1","",
"Ethiopia","ETH","Prevalence of current tobacco use (% of adults)","SH.PRV.SMOK","","","","","","","","","","","","","","","","","","","","","","","","","","","","","","","","","","","","","","","","","6.3","","","","","6","","5.9","","","5.7","","","","","5.5","","","","","5.3","","5.3","5.2","5.2","",
"European Union","EUU","Prevalence of current tobacco use (% of adults)","SH.PRV.SMOK","","","","","","","","","","","","","","","","","","","","","","","","","","","","","","","","","","","","","","","","","35.2948259667923","","","","","32.8307038422697","","31.9405444554204","","","30.6559582409247","","","","","28.7219234912067","","","","","27.0359491575587","","26.4077390904862","26.0810210195502","25.8196110153284","",
"Finland","FIN","Prevalence of current tobacco use (% of adults)","SH.PRV.SMOK","","","","","","","","","","","","","","","","","","","","","","","","","","","","","","","","","","","","","","","","","39","","","","","34.4","","32.8","","","30.3","","","","","26.8","","","","","23.7","","22.4","21.8","21.4","",
"Fiji","FJI","Prevalence of current tobacco use (% of adults)","SH.PRV.SMOK","","","","","","","","","","","","","","","","","","","","","","","","","","","","","","","","","","","","","","","","","34.9","","","","","32.6","","31.8","","","30.6","","","","","28.7","","","","","27","","26.4","26","25.8","",
"France","FRA","Prevalence of current tobacco use (% of adults)","SH.PRV.SMOK","","","","","","","","","","","","","","","","","","","","","","","","","","","","","","","","","","","","","","","","","34.5","","","","","34.2","","34.2","","","34","","","","","33.7","","","","","33.8","","33.7","33.4","33.6","",
"Faroe Islands","FRO","Prevalence of current tobacco use (% of adults)","SH.PRV.SMOK","","","","","","","","","","","","","","","","","","","","","","","","","","","","","","","","","","","","","","","","","","","","","","","","","","","","","","","","","","","","","","","","","","",
"Micronesia, Fed. Sts.","FSM","Prevalence of current tobacco use (% of adults)","SH.PRV.SMOK","","","","","","","","","","","","","","","","","","","","","","","","","","","","","","","","","","","","","","","","","","","","","","","","","","","","","","","","","","","","","","","","","","",
"Gabon","GAB","Prevalence of current tobacco use (% of adults)","SH.PRV.SMOK","","","","","","","","","","","","","","","","","","","","","","","","","","","","","","","","","","","","","","","","","14.3","","","","","13.9","","13.8","","","13.6","","","","","13.3","","","","","13.3","","13.3","13.2","13.3","",
"United Kingdom","GBR","Prevalence of current tobacco use (% of adults)","SH.PRV.SMOK","","","","","","","","","","","","","","","","","","","","","","","","","","","","","","","","","","","","","","","","","38.2","","","","","30.3","","27.7","","","24.2","","","","","19.2","","","","","15.3","","14","13.4","12.8","",
"Georgia","GEO","Prevalence of current tobacco use (% of adults)","SH.PRV.SMOK","","","","","","","","","","","","","","","","","","","","","","","","","","","","","","","","","","","","","","","","","35.4","","","","","34.8","","34.5","","","34","","","","","33.6","","","","","33.3","","32.8","33.1","33","",
"Ghana","GHA","Prevalence of current tobacco use (% of adults)","SH.PRV.SMOK","","","","","","","","","","","","","","","","","","","","","","","","","","","","","","","","","","","","","","","","","7.4","","","","","6.3","","5.8","","","5.3","","","","","4.5","","","","","3.8","","3.5","3.4","3.3","",
"Gibraltar","GIB","Prevalence of current tobacco use (% of adults)","SH.PRV.SMOK","","","","","","","","","","","","","","","","","","","","","","","","","","","","","","","","","","","","","","","","","","","","","","","","","","","","","","","","","","","","","","","","","","",
"Guinea","GIN","Prevalence of current tobacco use (% of adults)","SH.PRV.SMOK","","","","","","","","","","","","","","","","","","","","","","","","","","","","","","","","","","","","","","","","","","","","","","","","","","","","","","","","","","","","","","","","","","",
"Gambia, The","GMB","Prevalence of current tobacco use (% of adults)","SH.PRV.SMOK","","","","","","","","","","","","","","","","","","","","","","","","","","","","","","","","","","","","","","","","","20.7","","","","","18","","17","","","15.8","","","","","13.9","","","","","12.2","","11.7","11.4","11.1","",
"Guinea-Bissau","GNB","Prevalence of current tobacco use (% of adults)","SH.PRV.SMOK","","","","","","","","","","","","","","","","","","","","","","","","","","","","","","","","","","","","","","","","","21.3","","","","","17","","15.5","","","13.6","","","","","11","","","","","9","","8.6","8.3","8.2","",
"Equatorial Guinea","GNQ","Prevalence of current tobacco use (% of adults)","SH.PRV.SMOK","","","","","","","","","","","","","","","","","","","","","","","","","","","","","","","","","","","","","","","","","","","","","","","","","","","","","","","","","","","","","","","","","","",
"Greece","GRC","Prevalence of current tobacco use (% of adults)","SH.PRV.SMOK","","","","","","","","","","","","","","","","","","","","","","","","","","","","","","","","","","","","","","","","","52.2","","","","","46.4","","44.2","","","41.3","","","","","36.7","","","","","33","","31.5","31","30.2","",
"Grenada","GRD","Prevalence of current tobacco use (% of adults)","SH.PRV.SMOK","","","","","","","","","","","","","","","","","","","","","","","","","","","","","","","","","","","","","","","","","","","","","","","","","","","","","","","","","","","","","","","","","","",
"Greenland","GRL","Prevalence of current tobacco use (% of adults)","SH.PRV.SMOK","","","","","","","","","","","","","","","","","","","","","","","","","","","","","","","","","","","","","","","","","","","","","","","","","","","","","","","","","","","","","","","","","","",
"Guatemala","GTM","Prevalence of current tobacco use (% of adults)","SH.PRV.SMOK","","","","","","","","","","","","","","","","","","","","","","","","","","","","","","","","","","","","","","","","","14.3","","","","","13.5","","13.2","","","12.8","","","","","12.2","","","","","11.7","","11.4","11.4","11.2","",
"Guam","GUM","Prevalence of current tobacco use (% of adults)","SH.PRV.SMOK","","","","","","","","","","","","","","","","","","","","","","","","","","","","","","","","","","","","","","","","","","","","","","","","","","","","","","","","","","","","","","","","","","",
"Guyana","GUY","Prevalence of current tobacco use (% of adults)","SH.PRV.SMOK","","","","","","","","","","","","","","","","","","","","","","","","","","","","","","","","","","","","","","","","","29.1","","","","","24","","22.1","","","19.7","","","","","16.3","","","","","13.5","","12.5","12.1","11.7","",
"High income","HIC","Prevalence of current tobacco use (% of adults)","SH.PRV.SMOK","","","","","","","","","","","","","","","","","","","","","","","","","","","","","","","","","","","","","","","","","35.7730558740806","","","","","31.5188024256302","","30.0062153155985","","","27.841508197183","","","","","24.6939778543742","","","","","22.0875193293137","","21.1322609766843","20.6578686101076","20.2109706343908","",
"Hong Kong SAR, China","HKG","Prevalence of current tobacco use (% of adults)","SH.PRV.SMOK","","","","","","","","","","","","","","","","","","","","","","","","","","","","","","","","","","","","","","","","","","","","","","","","","","","","","","","","","","","","","","","","","","",
"Honduras","HND","Prevalence of current tobacco use (% of adults)","SH.PRV.SMOK","","","","","","","","","","","","","","","","","","","","","","","","","","","","","","","","","","","","","","","","","16.8","","","","","15.6","","15.1","","","14.5","","","","","13.6","","","","","12.8","","12.4","12.3","12.1","",
"Heavily indebted poor countries (HIPC)","HPC","Prevalence of current tobacco use (% of adults)","SH.PRV.SMOK","","","","","","","","","","","","","","","","","","","","","","","","","","","","","","","","","","","","","","","","","21.1569937696274","","","","","17.4846266398681","","16.2439819103238","","","14.6427510857246","","","","","12.4848812735586","","","","","10.7613117512855","","10.18161214092","9.89788738014551","9.64036312652665","",
"Croatia","HRV","Prevalence of current tobacco use (% of adults)","SH.PRV.SMOK","","","","","","","","","","","","","","","","","","","","","","","","","","","","","","","","","","","","","","","","","35.3","","","","","34.9","","34.9","","","34.8","","","","","34.6","","","","","34.5","","34.5","34.3","34.4","",
"Haiti","HTI","Prevalence of current tobacco use (% of adults)","SH.PRV.SMOK","","","","","","","","","","","","","","","","","","","","","","","","","","","","","","","","","","","","","","","","","11.4","","","","","10.5","","10.1","","","9.7","","","","","9","","","","","8.4","","8.2","8.1","8","",
"Hungary","HUN","Prevalence of current tobacco use (% of adults)","SH.PRV.SMOK","","","","","","","","","","","","","","","","","","","","","","","","","","","","","","","","","","","","","","","","","38.3","","","","","36.5","","35.7","","","34.9","","","","","33.3","","","","","32","","31.3","31.1","30.8","",
"IBRD only","IBD","Prevalence of current tobacco use (% of adults)","SH.PRV.SMOK","","","","","","","","","","","","","","","","","","","","","","","","","","","","","","","","","","","","","","","","","35.4484475451642","","","","","31.9161905469462","","30.5468587484546","","","28.7561969683807","","","","","26.0386981734013","","","","","23.6988250541343","","22.8843689049048","22.5045077591665","22.0900926343014","",
"IDA & IBRD total","IBT","Prevalence of current tobacco use (% of adults)","SH.PRV.SMOK","","","","","","","","","","","","","","","","","","","","","","","","","","","","","","","","","","","","","","","","","34.8458587177371","","","","","31.0698758734827","","29.6142793466251","","","27.6809911227655","","","","","24.7800662375135","","","","","22.2686103926817","","21.3861537462829","20.9719917751124","20.5394208042638","",
"IDA total","IDA","Prevalence of current tobacco use (% of adults)","SH.PRV.SMOK","","","","","","","","","","","","","","","","","","","","","","","","","","","","","","","","","","","","","","","","","32.0118078871803","","","","","27.2443750811126","","25.4847128649304","","","23.0928845188962","","","","","19.7276526787874","","","","","16.9117515636097","","15.9503567522775","15.4972357984175","15.0811100575328","",
"IDA blend","IDB","Prevalence of current tobacco use (% of adults)","SH.PRV.SMOK","","","","","","","","","","","","","","","","","","","","","","","","","","","","","","","","","","","","","","","","","25.1561587936534","","","","","21.3503903426886","","20.067180015785","","","18.2074746411862","","","","","15.3580784887494","","","","","12.9514302371717","","12.1989196884789","11.8193898765932","11.4792404945981","",
"Indonesia","IDN","Prevalence of current tobacco use (% of adults)","SH.PRV.SMOK","","","","","","","","","","","","","","","","","","","","","","","","","","","","","","","","","","","","","","","","","34.7","","","","","33.7","","33.4","","","32.7","","","","","32","","","","","31.4","","31.2","31.1","31","",
"IDA only","IDX","Prevalence of current tobacco use (% of adults)","SH.PRV.SMOK","","","","","","","","","","","","","","","","","","","","","","","","","","","","","","","","","","","","","","","","","36.2078046567432","","","","","30.9188096682501","","28.8940137205108","","","26.2094243974136","","","","","22.4775067017824","","","","","19.3678259397921","","18.276283055929","17.7749007647846","17.30968725535","",
"Isle of Man","IMN","Prevalence of current tobacco use (% of adults)","SH.PRV.SMOK","","","","","","","","","","","","","","","","","","","","","","","","","","","","","","","","","","","","","","","","","","","","","","","","","","","","","","","","","","","","","","","","","","",
"India","IND","Prevalence of current tobacco use (% of adults)","SH.PRV.SMOK","","","","","","","","","","","","","","","","","","","","","","","","","","","","","","","","","","","","","","","","","55.7","","","","","46.7","","43.1","","","38.5","","","","","31.6","","","","","26.2","","24.4","23.5","22.6","",
"Not classified","INX","Prevalence of current tobacco use (% of adults)","SH.PRV.SMOK","","","","","","","","","","","","","","","","","","","","","","","","","","","","","","","","","","","","","","","","","","","","","","","","","","","","","","","","","","","","","","","","","","",
"Ireland","IRL","Prevalence of current tobacco use (% of adults)","SH.PRV.SMOK","","","","","","","","","","","","","","","","","","","","","","","","","","","","","","","","","","","","","","","","","36.2","","","","","31.2","","29.4","","","27","","","","","23.4","","","","","20.3","","19.2","18.7","18.2","",
"Iran, Islamic Rep.","IRN","Prevalence of current tobacco use (% of adults)","SH.PRV.SMOK","","","","","","","","","","","","","","","","","","","","","","","","","","","","","","","","","","","","","","","","","23.5","","","","","19.7","","18.6","","","16.9","","","","","14.8","","","","","13","","12.5","12.2","11.9","",
"Iraq","IRQ","Prevalence of current tobacco use (% of adults)","SH.PRV.SMOK","","","","","","","","","","","","","","","","","","","","","","","","","","","","","","","","","","","","","","","","","23.1","","","","","22.2","","21.7","","","21.3","","","","","20.8","","","","","20.3","","20.2","20.2","20.1","",
"Iceland","ISL","Prevalence of current tobacco use (% of adults)","SH.PRV.SMOK","","","","","","","","","","","","","","","","","","","","","","","","","","","","","","","","","","","","","","","","","31.1","","","","","24","","21.7","","","18.6","","","","","14.4","","","","","11.3","","10.2","9.7","9.2","",
"Israel","ISR","Prevalence of current tobacco use (% of adults)","SH.PRV.SMOK","","","","","","","","","","","","","","","","","","","","","","","","","","","","","","","","","","","","","","","","","30.1","","","","","27.8","","27.2","","","25.9","","","","","24.1","","","","","22.4","","21.8","21.5","21.2","",
"Italy","ITA","Prevalence of current tobacco use (% of adults)","SH.PRV.SMOK","","","","","","","","","","","","","","","","","","","","","","","","","","","","","","","","","","","","","","","","","25.9","","","","","25.1","","24.8","","","24.4","","","","","23.7","","","","","23","","22.7","22.6","22.4","",
"Jamaica","JAM","Prevalence of current tobacco use (% of adults)","SH.PRV.SMOK","","","","","","","","","","","","","","","","","","","","","","","","","","","","","","","","","","","","","","","","","18.8","","","","","16.8","","16.1","","","15.1","","","","","13.6","","","","","12.3","","11.9","11.7","11.5","",
"Jordan","JOR","Prevalence of current tobacco use (% of adults)","SH.PRV.SMOK","","","","","","","","","","","","","","","","","","","","","","","","","","","","","","","","","","","","","","","","","32.5","","","","","32.9","","32.8","","","32.9","","","","","33.2","","","","","33.6","","33.8","33.8","34.1","",
"Japan","JPN","Prevalence of current tobacco use (% of adults)","SH.PRV.SMOK","","","","","","","","","","","","","","","","","","","","","","","","","","","","","","","","","","","","","","","","","33.4","","","","","29.3","","27.6","","","25.5","","","","","22.3","","","","","19.5","","18.5","18","17.5","",
"Kazakhstan","KAZ","Prevalence of current tobacco use (% of adults)","SH.PRV.SMOK","","","","","","","","","","","","","","","","","","","","","","","","","","","","","","","","","","","","","","","","","35.1","","","","","31.4","","30.2","","","28.4","","","","","25.6","","","","","23","","22.1","21.7","21.1","",
"Kenya","KEN","Prevalence of current tobacco use (% of adults)","SH.PRV.SMOK","","","","","","","","","","","","","","","","","","","","","","","","","","","","","","","","","","","","","","","","","20.3","","","","","17.3","","16.2","","","14.8","","","","","12.6","","","","","10.8","","10.2","9.9","9.6","",
"Kyrgyz Republic","KGZ","Prevalence of current tobacco use (% of adults)","SH.PRV.SMOK","","","","","","","","","","","","","","","","","","","","","","","","","","","","","","","","","","","","","","","","","33.4","","","","","30.6","","29.5","","","28.1","","","","","25.7","","","","","23.7","","23","22.6","22.2","",
"Cambodia","KHM","Prevalence of current tobacco use (% of adults)","SH.PRV.SMOK","","","","","","","","","","","","","","","","","","","","","","","","","","","","","","","","","","","","","","","","","38.1","","","","","32.6","","30.7","","","28","","","","","24","","","","","20.9","","19.7","19.1","18.6","",
"Kiribati","KIR","Prevalence of current tobacco use (% of adults)","SH.PRV.SMOK","","","","","","","","","","","","","","","","","","","","","","","","","","","","","","","","","","","","","","","","","68","","","","","60.5","","57.4","","","53.4","","","","","47.1","","","","","41.6","","39.7","38.5","37.7","",
"St. Kitts and Nevis","KNA","Prevalence of current tobacco use (% of adults)","SH.PRV.SMOK","","","","","","","","","","","","","","","","","","","","","","","","","","","","","","","","","","","","","","","","","","","","","","","","","","","","","","","","","","","","","","","","","","",
"Korea, Rep.","KOR","Prevalence of current tobacco use (% of adults)","SH.PRV.SMOK","","","","","","","","","","","","","","","","","","","","","","","","","","","","","","","","","","","","","","","","","35.5","","","","","30.9","","29.4","","","27","","","","","23.6","","","","","20.6","","19.6","19","18.6","",
"Kuwait","KWT","Prevalence of current tobacco use (% of adults)","SH.PRV.SMOK","","","","","","","","","","","","","","","","","","","","","","","","","","","","","","","","","","","","","","","","","20.9","","","","","20.4","","20.2","","","20","","","","","19.6","","","","","19.4","","19.3","19.4","19.4","",
"Latin America & Caribbean (excluding high income)","LAC","Prevalence of current tobacco use (% of adults)","SH.PRV.SMOK","","","","","","","","","","","","","","","","","","","","","","","","","","","","","","","","","","","","","","","","","23.2935068799748","","","","","20.4718064703588","","19.4746658060661","","","18.1135664922237","","","","","16.0969504690853","","","","","14.3634435973287","","13.7376888540285","13.4993654255661","13.1839011441047","",
"Lao PDR","LAO","Prevalence of current tobacco use (% of adults)","SH.PRV.SMOK","","","","","","","","","","","","","","","","","","","","","","","","","","","","","","","","","","","","","","","","","52.8","","","","","44.7","","42.1","","","38.1","","","","","32.7","","","","","28.4","","26.8","26.1","25.4","",
"Lebanon","LBN","Prevalence of current tobacco use (% of adults)","SH.PRV.SMOK","","","","","","","","","","","","","","","","","","","","","","","","","","","","","","","","","","","","","","","","","34.3","","","","","36.4","","37.4","","","38.9","","","","","41.4","","","","","44.5","","45.6","46.3","46.9","",
"Liberia","LBR","Prevalence of current tobacco use (% of adults)","SH.PRV.SMOK","","","","","","","","","","","","","","","","","","","","","","","","","","","","","","","","","","","","","","","","","18.4","","","","","14","","12.6","","","10.7","","","","","8.3","","","","","6.4","","5.8","5.5","5.2","",
"Libya","LBY","Prevalence of current tobacco use (% of adults)","SH.PRV.SMOK","","","","","","","","","","","","","","","","","","","","","","","","","","","","","","","","","","","","","","","","","34.4","","","","","32","","31","","","29.6","","","","","27.4","","","","","25.6","","24.8","24.5","24.2","",
"St. Lucia","LCA","Prevalence of current tobacco use (% of adults)","SH.PRV.SMOK","","","","","","","","","","","","","","","","","","","","","","","","","","","","","","","","","","","","","","","","","19.9","","","","","18.4","","17.7","","","16.9","","","","","15.7","","","","","14.7","","14.2","14.1","13.9","",
"Latin America & Caribbean","LCN","Prevalence of current tobacco use (% of adults)","SH.PRV.SMOK","","","","","","","","","","","","","","","","","","","","","","","","","","","","","","","","","","","","","","","","","24.10037477001","","","","","21.1714653964219","","20.131449573739","","","18.7144952851716","","","","","16.6125671866255","","","","","14.819288520434","","14.1632437571085","13.9092793512262","13.5828855217486","",
"Least developed countries: UN classification","LDC","Prevalence of current tobacco use (% of adults)","SH.PRV.SMOK","","","","","","","","","","","","","","","","","","","","","","","","","","","","","","","","","","","","","","","","","37.7669357330269","","","","","32.1706373773201","","30.032847592332","","","27.1849747774834","","","","","23.2265926296037","","","","","19.9411780498062","","18.7911302882847","18.268512047895","17.7802997680719","",
"Low income","LIC","Prevalence of current tobacco use (% of adults)","SH.PRV.SMOK","","","","","","","","","","","","","","","","","","","","","","","","","","","","","","","","","","","","","","","","","23.0560145567899","","","","","19.3876234518555","","18.0918375227953","","","16.3419817769528","","","","","14.010566221707","","","","","12.1179744825299","","11.4857305655558","11.152211268059","10.883708035876","",
"Liechtenstein","LIE","Prevalence of current tobacco use (% of adults)","SH.PRV.SMOK","","","","","","","","","","","","","","","","","","","","","","","","","","","","","","","","","","","","","","","","","","","","","","","","","","","","","","","","","","","","","","","","","","",
"Sri Lanka","LKA","Prevalence of current tobacco use (% of adults)","SH.PRV.SMOK","","","","","","","","","","","","","","","","","","","","","","","","","","","","","","","","","","","","","","","","","29.4","","","","","27","","26","","","24.8","","","","","23.1","","","","","21.7","","21.3","20.9","20.7","",
"Lower middle income","LMC","Prevalence of current tobacco use (% of adults)","SH.PRV.SMOK","","","","","","","","","","","","","","","","","","","","","","","","","","","","","","","","","","","","","","","","","46.1744504541352","","","","","39.0741934645596","","36.2969755951682","","","32.7073236457738","","","","","27.4378245171194","","","","","23.2284381775162","","21.7985048973021","21.1120063473843","20.4321579415577","",
"Low & middle income","LMY","Prevalence of current tobacco use (% of adults)","SH.PRV.SMOK","","","","","","","","","","","","","","","","","","","","","","","","","","","","","","","","","","","","","","","","","34.5478287612582","","","","","30.7659947375916","","29.3054286366779","","","27.3848822324353","","","","","24.4936514415622","","","","","21.9989409121579","","21.1302531386917","20.7210184250202","20.2912155684647","",
"Lesotho","LSO","Prevalence of current tobacco use (% of adults)","SH.PRV.SMOK","","","","","","","","","","","","","","","","","","","","","","","","","","","","","","","","","","","","","","","","","26.4","","","","","26.4","","26.5","","","26.6","","","","","27.1","","","","","27.6","","27.7","27.9","28","",
"Late-demographic dividend","LTE","Prevalence of current tobacco use (% of adults)","SH.PRV.SMOK","","","","","","","","","","","","","","","","","","","","","","","","","","","","","","","","","","","","","","","","","28.5095316779275","","","","","26.6302944987804","","25.9281402787364","","","24.9929462743916","","","","","23.5642805516622","","","","","22.1926783590386","","21.70019663552","21.505423577721","21.2500855367809","",
"Lithuania","LTU","Prevalence of current tobacco use (% of adults)","SH.PRV.SMOK","","","","","","","","","","","","","","","","","","","","","","","","","","","","","","","","","","","","","","","","","43.6","","","","","40.5","","39.3","","","37.7","","","","","35.4","","","","","33.1","","32.3","31.7","31.4","",
"Luxembourg","LUX","Prevalence of current tobacco use (% of adults)","SH.PRV.SMOK","","","","","","","","","","","","","","","","","","","","","","","","","","","","","","","","","","","","","","","","","28.1","","","","","27.1","","26.9","","","26.3","","","","","25.6","","","","","25","","24.7","24.6","24.5","",
"Latvia","LVA","Prevalence of current tobacco use (% of adults)","SH.PRV.SMOK","","","","","","","","","","","","","","","","","","","","","","","","","","","","","","","","","","","","","","","","","44.3","","","","","42","","41.3","","","40","","","","","37.8","","","","","35.9","","35.3","34.9","34.6","",
"Macao SAR, China","MAC","Prevalence of current tobacco use (% of adults)","SH.PRV.SMOK","","","","","","","","","","","","","","","","","","","","","","","","","","","","","","","","","","","","","","","","","","","","","","","","","","","","","","","","","","","","","","","","","","",
"St. Martin (French part)","MAF","Prevalence of current tobacco use (% of adults)","SH.PRV.SMOK","","","","","","","","","","","","","","","","","","","","","","","","","","","","","","","","","","","","","","","","","","","","","","","","","","","","","","","","","","","","","","","","","","",
"Morocco","MAR","Prevalence of current tobacco use (% of adults)","SH.PRV.SMOK","","","","","","","","","","","","","","","","","","","","","","","","","","","","","","","","","","","","","","","","","20","","","","","18.1","","17.3","","","16.4","","","","","14.8","","","","","13.6","","13","12.8","12.5","",
"Monaco","MCO","Prevalence of current tobacco use (% of adults)","SH.PRV.SMOK","","","","","","","","","","","","","","","","","","","","","","","","","","","","","","","","","","","","","","","","","","","","","","","","","","","","","","","","","","","","","","","","","","",
"Moldova","MDA","Prevalence of current tobacco use (% of adults)","SH.PRV.SMOK","","","","","","","","","","","","","","","","","","","","","","","","","","","","","","","","","","","","","","","","","23.4","","","","","24.3","","24.9","","","25.5","","","","","26.5","","","","","27.7","","28.3","28.7","28.8","",
"Madagascar","MDG","Prevalence of current tobacco use (% of adults)","SH.PRV.SMOK","","","","","","","","","","","","","","","","","","","","","","","","","","","","","","","","","","","","","","","","","53.1","","","","","43.9","","41","","","37","","","","","32.1","","","","","28.2","","26.8","26.1","25.6","",
"Maldives","MDV","Prevalence of current tobacco use (% of adults)","SH.PRV.SMOK","","","","","","","","","","","","","","","","","","","","","","","","","","","","","","","","","","","","","","","","","42.3","","","","","37.6","","36","","","33.8","","","","","30.4","","","","","27.6","","26.6","26.1","25.5","",
"Middle East, North Africa, Afghanistan & Pakistan","MEA","Prevalence of current tobacco use (% of adults)","SH.PRV.SMOK","","","","","","","","","","","","","","","","","","","","","","","","","","","","","","","","","","","","","","","","","27.8356465332045","","","","","24.9891326045027","","24.0654821338745","","","22.8157275910322","","","","","21.0662625943553","","","","","19.747375974513","","19.3271864292079","19.1038740883008","18.9095280366759","",
"Mexico","MEX","Prevalence of current tobacco use (% of adults)","SH.PRV.SMOK","","","","","","","","","","","","","","","","","","","","","","","","","","","","","","","","","","","","","","","","","21.2","","","","","19.9","","19.4","","","18.7","","","","","17.6","","","","","16.6","","16.1","16","15.7","",
"Marshall Islands","MHL","Prevalence of current tobacco use (% of adults)","SH.PRV.SMOK","","","","","","","","","","","","","","","","","","","","","","","","","","","","","","","","","","","","","","","","","27.4","","","","","27.8","","28","","","28.3","","","","","28.9","","","","","29.4","","29.6","29.9","29.9","",
"Middle income","MIC","Prevalence of current tobacco use (% of adults)","SH.PRV.SMOK","","","","","","","","","","","","","","","","","","","","","","","","","","","","","","","","","","","","","","","","","35.1716696780711","","","","","31.4099824150567","","29.9547766185296","","","28.0526789123981","","","","","25.1854610075528","","","","","22.7158918690616","","21.8570191815014","21.456108300911","21.0277272514245","",
"North Macedonia","MKD","Prevalence of current tobacco use (% of adults)","SH.PRV.SMOK","","","","","","","","","","","","","","","","","","","","","","","","","","","","","","","","","","","","","","","","","41.5","","","","","40.8","","40.5","","","40.2","","","","","39.9","","","","","39.6","","39.6","39.5","39.6","",
"Mali","MLI","Prevalence of current tobacco use (% of adults)","SH.PRV.SMOK","","","","","","","","","","","","","","","","","","","","","","","","","","","","","","","","","","","","","","","","","17.1","","","","","14.2","","13.3","","","11.9","","","","","10.1","","","","","8.5","","7.9","7.7","7.4","",
"Malta","MLT","Prevalence of current tobacco use (% of adults)","SH.PRV.SMOK","","","","","","","","","","","","","","","","","","","","","","","","","","","","","","","","","","","","","","","","","32.6","","","","","30.5","","29.7","","","28.7","","","","","27.1","","","","","25.7","","25","24.8","24.6","",
"Myanmar","MMR","Prevalence of current tobacco use (% of adults)","SH.PRV.SMOK","","","","","","","","","","","","","","","","","","","","","","","","","","","","","","","","","","","","","","","","","65.5","","","","","60","","57.7","","","54.7","","","","","49.9","","","","","45.9","","44.5","43.8","43.4","",
"Middle East, North Africa, Afghanistan & Pakistan (excluding high income)","MNA","Prevalence of current tobacco use (% of adults)","SH.PRV.SMOK","","","","","","","","","","","","","","","","","","","","","","","","","","","","","","","","","","","","","","","","","28.6158197731098","","","","","25.7043278105266","","24.785938699354","","","23.5019647062574","","","","","21.7567071577444","","","","","20.3185512306827","","19.8645799843994","19.6391844930072","19.4481697301666","",
"Montenegro","MNE","Prevalence of current tobacco use (% of adults)","SH.PRV.SMOK","","","","","","","","","","","","","","","","","","","","","","","","","","","","","","","","","","","","","","","","","36.8","","","","","36.6","","36.6","","","36.6","","","","","36.5","","","","","37","","37.1","37.1","37.2","",
"Mongolia","MNG","Prevalence of current tobacco use (% of adults)","SH.PRV.SMOK","","","","","","","","","","","","","","","","","","","","","","","","","","","","","","","","","","","","","","","","","32.9","","","","","32.2","","31.8","","","31.3","","","","","30.6","","","","","30.1","","29.9","29.7","29.5","",
"Northern Mariana Islands","MNP","Prevalence of current tobacco use (% of adults)","SH.PRV.SMOK","","","","","","","","","","","","","","","","","","","","","","","","","","","","","","","","","","","","","","","","","","","","","","","","","","","","","","","","","","","","","","","","","","",
"Mozambique","MOZ","Prevalence of current tobacco use (% of adults)","SH.PRV.SMOK","","","","","","","","","","","","","","","","","","","","","","","","","","","","","","","","","","","","","","","","","30.6","","","","","24.2","","22.1","","","19.3","","","","","15.4","","","","","12.4","","11.5","11","10.5","",
"Mauritania","MRT","Prevalence of current tobacco use (% of adults)","SH.PRV.SMOK","","","","","","","","","","","","","","","","","","","","","","","","","","","","","","","","","","","","","","","","","19.7","","","","","16.9","","15.9","","","14.5","","","","","12.7","","","","","11","","10.4","10.1","9.9","",
"Mauritius","MUS","Prevalence of current tobacco use (% of adults)","SH.PRV.SMOK","","","","","","","","","","","","","","","","","","","","","","","","","","","","","","","","","","","","","","","","","27","","","","","24.6","","23.7","","","22.5","","","","","20.5","","","","","18.9","","18.2","17.8","17.7","",
"Malawi","MWI","Prevalence of current tobacco use (% of adults)","SH.PRV.SMOK","","","","","","","","","","","","","","","","","","","","","","","","","","","","","","","","","","","","","","","","","24.3","","","","","19.5","","17.9","","","15.7","","","","","12.8","","","","","10.4","","9.6","9.2","8.9","",
"Malaysia","MYS","Prevalence of current tobacco use (% of adults)","SH.PRV.SMOK","","","","","","","","","","","","","","","","","","","","","","","","","","","","","","","","","","","","","","","","","27.6","","","","","24.5","","23.4","","","22","","","","","19.7","","","","","18","","17.4","17.1","16.9","",
"North America","NAC","Prevalence of current tobacco use (% of adults)","SH.PRV.SMOK","","","","","","","","","","","","","","","","","","","","","","","","","","","","","","","","","","","","","","","","","37.6273299402348","","","","","31.0591999501966","","28.8971800944218","","","25.7619730052719","","","","","21.3708036022011","","","","","17.7396476943795","","16.4752620631322","15.8880841767165","15.2903168544587","",
"Namibia","NAM","Prevalence of current tobacco use (% of adults)","SH.PRV.SMOK","","","","","","","","","","","","","","","","","","","","","","","","","","","","","","","","","","","","","","","","","","","","","","","","","","","","","","","","","","","","","","","","","","",
"New Caledonia","NCL","Prevalence of current tobacco use (% of adults)","SH.PRV.SMOK","","","","","","","","","","","","","","","","","","","","","","","","","","","","","","","","","","","","","","","","","","","","","","","","","","","","","","","","","","","","","","","","","","",
"Niger","NER","Prevalence of current tobacco use (% of adults)","SH.PRV.SMOK","","","","","","","","","","","","","","","","","","","","","","","","","","","","","","","","","","","","","","","","","9.7","","","","","9.1","","8.8","","","8.5","","","","","8.1","","","","","7.7","","7.5","7.5","7.4","",
"Nigeria","NGA","Prevalence of current tobacco use (% of adults)","SH.PRV.SMOK","","","","","","","","","","","","","","","","","","","","","","","","","","","","","","","","","","","","","","","","","9.9","","","","","7.7","","7","","","6","","","","","4.7","","","","","3.5","","3.3","3.2","3.1","",
"Nicaragua","NIC","Prevalence of current tobacco use (% of adults)","SH.PRV.SMOK","","","","","","","","","","","","","","","","","","","","","","","","","","","","","","","","","","","","","","","","","","","","","","","","","","","","","","","","","","","","","","","","","","",
"Netherlands","NLD","Prevalence of current tobacco use (% of adults)","SH.PRV.SMOK","","","","","","","","","","","","","","","","","","","","","","","","","","","","","","","","","","","","","","","","","34.8","","","","","31.1","","29.7","","","27.8","","","","","24.9","","","","","22.4","","21.4","20.9","20.5","",
"Norway","NOR","Prevalence of current tobacco use (% of adults)","SH.PRV.SMOK","","","","","","","","","","","","","","","","","","","","","","","","","","","","","","","","","","","","","","","","","45.3","","","","","34.9","","31.4","","","26.8","","","","","20.8","","","","","16","","14.4","13.7","12.9","",
"Nepal","NPL","Prevalence of current tobacco use (% of adults)","SH.PRV.SMOK","","","","","","","","","","","","","","","","","","","","","","","","","","","","","","","","","","","","","","","","","62.9","","","","","53.3","","49.5","","","44.6","","","","","37.7","","","","","32.4","","30.4","29.5","28.7","",
"Naoero","NRU","Prevalence of current tobacco use (% of adults)","SH.PRV.SMOK","","","","","","","","","","","","","","","","","","","","","","","","","","","","","","","","","","","","","","","","","66.1","","","","","57.4","","54.5","","","50.2","","","","","44","","","","","38.5","","36.6","35.8","34.8","",
"New Zealand","NZL","Prevalence of current tobacco use (% of adults)","SH.PRV.SMOK","","","","","","","","","","","","","","","","","","","","","","","","","","","","","","","","","","","","","","","","","30","","","","","23.4","","21.2","","","18.3","","","","","14.3","","","","","11.3","","10.3","9.8","9.3","",
"OECD members","OED","Prevalence of current tobacco use (% of adults)","SH.PRV.SMOK","","","","","","","","","","","","","","","","","","","","","","","","","","","","","","","","","","","","","","","","","33.935873403967","","","","","29.8784494196367","","28.4473384430284","","","26.4524087199692","","","","","23.5554492108344","","","","","21.1157261919701","","20.2400201637219","19.8256874819394","19.410767204818","",
"Oman","OMN","Prevalence of current tobacco use (% of adults)","SH.PRV.SMOK","","","","","","","","","","","","","","","","","","","","","","","","","","","","","","","","","","","","","","","","","7.4","","","","","7.6","","7.7","","","7.8","","","","","8.1","","","","","8.3","","8.4","8.5","8.5","",
"Other small states","OSS","Prevalence of current tobacco use (% of adults)","SH.PRV.SMOK","","","","","","","","","","","","","","","","","","","","","","","","","","","","","","","","","","","","","","","","","34.5988526977689","","","","","31.1618839159545","","30.0242376829764","","","28.5040265113418","","","","","26.4410635641621","","","","","24.9608568746571","","24.3150910183603","24.047708024962","23.8191013887132","",
"Pakistan","PAK","Prevalence of current tobacco use (% of adults)","SH.PRV.SMOK","","","","","","","","","","","","","","","","","","","","","","","","","","","","","","","","","","","","","","","","","38.5","","","","","32.6","","30.6","","","27.7","","","","","23.6","","","","","20.2","","19","18.4","17.9","",
"Panama","PAN","Prevalence of current tobacco use (% of adults)","SH.PRV.SMOK","","","","","","","","","","","","","","","","","","","","","","","","","","","","","","","","","","","","","","","","","13.3","","","","","10.8","","9.8","","","8.7","","","","","7.1","","","","","5.7","","5.3","5","4.8","",
"Peru","PER","Prevalence of current tobacco use (% of adults)","SH.PRV.SMOK","","","","","","","","","","","","","","","","","","","","","","","","","","","","","","","","","","","","","","","","","32.9","","","","","26.5","","24.5","","","21.6","","","","","17.6","","","","","14.4","","13.4","12.9","12.4","",
"Philippines","PHL","Prevalence of current tobacco use (% of adults)","SH.PRV.SMOK","","","","","","","","","","","","","","","","","","","","","","","","","","","","","","","","","","","","","","","","","35.7","","","","","31.5","","29.9","","","27.6","","","","","24.6","","","","","21.9","","20.9","20.3","19.9","",
"Palau","PLW","Prevalence of current tobacco use (% of adults)","SH.PRV.SMOK","","","","","","","","","","","","","","","","","","","","","","","","","","","","","","","","","","","","","","","","","31.2","","","","","29","","28.2","","","27.1","","","","","25.4","","","","","23.9","","23.5","23.3","23","",
"Papua New Guinea","PNG","Prevalence of current tobacco use (% of adults)","SH.PRV.SMOK","","","","","","","","","","","","","","","","","","","","","","","","","","","","","","","","","","","","","","","","","53.8","","","","","50.4","","49","","","47.2","","","","","44.1","","","","","41.4","","40.5","40","39.3","",
"Poland","POL","Prevalence of current tobacco use (% of adults)","SH.PRV.SMOK","","","","","","","","","","","","","","","","","","","","","","","","","","","","","","","","","","","","","","","","","40.1","","","","","35.3","","33.4","","","30.8","","","","","27.2","","","","","24","","22.8","22.2","21.7","",
"Pre-demographic dividend","PRE","Prevalence of current tobacco use (% of adults)","SH.PRV.SMOK","","","","","","","","","","","","","","","","","","","","","","","","","","","","","","","","","","","","","","","","","20.5014880343259","","","","","16.9847338121399","","15.7928080506768","","","14.2713451628466","","","","","12.2254532835361","","","","","10.5085710423739","","9.97439070745981","9.72064882378849","9.47303936340881","",
"Puerto Rico (US)","PRI","Prevalence of current tobacco use (% of adults)","SH.PRV.SMOK","","","","","","","","","","","","","","","","","","","","","","","","","","","","","","","","","","","","","","","","","","","","","","","","","","","","","","","","","","","","","","","","","","",
"Korea, Dem. People's Rep.","PRK","Prevalence of current tobacco use (% of adults)","SH.PRV.SMOK","","","","","","","","","","","","","","","","","","","","","","","","","","","","","","","","","","","","","","","","","30.6","","","","","26.8","","25.2","","","23","","","","","19.9","","","","","17.4","","16.4","16","15.6","",
"Portugal","PRT","Prevalence of current tobacco use (% of adults)","SH.PRV.SMOK","","","","","","","","","","","","","","","","","","","","","","","","","","","","","","","","","","","","","","","","","23.5","","","","","24.4","","24.8","","","25.4","","","","","26.4","","","","","27.6","","28","28.4","28.6","",
"Paraguay","PRY","Prevalence of current tobacco use (% of adults)","SH.PRV.SMOK","","","","","","","","","","","","","","","","","","","","","","","","","","","","","","","","","","","","","","","","","31.2","","","","","22.4","","19.6","","","16","","","","","11.5","","","","","8.3","","7.3","6.8","6.4","",
"West Bank and Gaza","PSE","Prevalence of current tobacco use (% of adults)","SH.PRV.SMOK","","","","","","","","","","","","","","","","","","","","","","","","","","","","","","","","","","","","","","","","","27.5","","","","","28.9","","29.4","","","30.3","","","","","31.9","","","","","33.9","","34.8","35","35.5","",
"Pacific island small states","PSS","Prevalence of current tobacco use (% of adults)","SH.PRV.SMOK","","","","","","","","","","","","","","","","","","","","","","","","","","","","","","","","","","","","","","","","","37.5315112329595","","","","","35.4114101267375","","34.654545049841","","","33.603124295549","","","","","32.1334412482088","","","","","31.008211861973","","30.5852729934197","30.2781966951231","30.177239710279","",
"Post-demographic dividend","PST","Prevalence of current tobacco use (% of adults)","SH.PRV.SMOK","","","","","","","","","","","","","","","","","","","","","","","","","","","","","","","","","","","","","","","","","35.8654448865087","","","","","31.3939251190332","","29.8259719863354","","","27.597812219331","","","","","24.3286875241094","","","","","21.5693407901615","","20.5795572958168","20.0793295008071","19.6195180835398","",
"French Polynesia","PYF","Prevalence of current tobacco use (% of adults)","SH.PRV.SMOK","","","","","","","","","","","","","","","","","","","","","","","","","","","","","","","","","","","","","","","","","","","","","","","","","","","","","","","","","","","","","","","","","","",
"Qatar","QAT","Prevalence of current tobacco use (% of adults)","SH.PRV.SMOK","","","","","","","","","","","","","","","","","","","","","","","","","","","","","","","","","","","","","","","","","12.8","","","","","12.6","","12.6","","","12.5","","","","","12.5","","","","","12.5","","12.5","12.5","12.5","",
"Romania","ROU","Prevalence of current tobacco use (% of adults)","SH.PRV.SMOK","","","","","","","","","","","","","","","","","","","","","","","","","","","","","","","","","","","","","","","","","38.7","","","","","36.4","","35.7","","","34.5","","","","","32.8","","","","","31","","30.4","30","29.7","",
"Russian Federation","RUS","Prevalence of current tobacco use (% of adults)","SH.PRV.SMOK","","","","","","","","","","","","","","","","","","","","","","","","","","","","","","","","","","","","","","","","","39.6","","","","","36.5","","35.4","","","33.5","","","","","31","","","","","28.8","","27.8","27.4","27","",
"Rwanda","RWA","Prevalence of current tobacco use (% of adults)","SH.PRV.SMOK","","","","","","","","","","","","","","","","","","","","","","","","","","","","","","","","","","","","","","","","","42.2","","","","","33","","29.7","","","25","","","","","18.5","","","","","13.3","","11.6","10.8","10.1","",
"South Asia","SAS","Prevalence of current tobacco use (% of adults)","SH.PRV.SMOK","","","","","","","","","","","","","","","","","","","","","","","","","","","","","","","","","","","","","","","","","55.5848984449149","","","","","46.9138834232186","","43.4301844123726","","","38.9631888198087","","","","","32.3316849657226","","","","","27.1008172572323","","25.3375249045149","24.4771067407695","23.6104808866742","",
"Saudi Arabia","SAU","Prevalence of current tobacco use (% of adults)","SH.PRV.SMOK","","","","","","","","","","","","","","","","","","","","","","","","","","","","","","","","","","","","","","","","","14.4","","","","","14.5","","14.5","","","14.6","","","","","14.5","","","","","14.6","","14.7","14.7","14.7","",
"Sudan","SDN","Prevalence of current tobacco use (% of adults)","SH.PRV.SMOK","","","","","","","","","","","","","","","","","","","","","","","","","","","","","","","","","","","","","","","","","","","","","","","","","","","","","","","","","","","","","","","","","","",
"Senegal","SEN","Prevalence of current tobacco use (% of adults)","SH.PRV.SMOK","","","","","","","","","","","","","","","","","","","","","","","","","","","","","","","","","","","","","","","","","15.6","","","","","12.5","","11.4","","","10","","","","","8.1","","","","","6.5","","5.9","5.7","5.4","",
"Singapore","SGP","Prevalence of current tobacco use (% of adults)","SH.PRV.SMOK","","","","","","","","","","","","","","","","","","","","","","","","","","","","","","","","","","","","","","","","","17.1","","","","","16.2","","16","","","15.5","","","","","14.9","","","","","14.3","","14.1","13.9","13.8","",
"Solomon Islands","SLB","Prevalence of current tobacco use (% of adults)","SH.PRV.SMOK","","","","","","","","","","","","","","","","","","","","","","","","","","","","","","","","","","","","","","","","","42.7","","","","","41.5","","41.1","","","40.5","","","","","39.5","","","","","38.9","","38.6","38.4","38.4","",
"Sierra Leone","SLE","Prevalence of current tobacco use (% of adults)","SH.PRV.SMOK","","","","","","","","","","","","","","","","","","","","","","","","","","","","","","","","","","","","","","","","","44.7","","","","","33.6","","29.9","","","25.2","","","","","18.8","","","","","14.1","","12.7","11.9","11.3","",
"El Salvador","SLV","Prevalence of current tobacco use (% of adults)","SH.PRV.SMOK","","","","","","","","","","","","","","","","","","","","","","","","","","","","","","","","","","","","","","","","","15.3","","","","","13.4","","12.6","","","11.7","","","","","10.3","","","","","9","","8.6","8.4","8.2","",
"San Marino","SMR","Prevalence of current tobacco use (% of adults)","SH.PRV.SMOK","","","","","","","","","","","","","","","","","","","","","","","","","","","","","","","","","","","","","","","","","","","","","","","","","","","","","","","","","","","","","","","","","","",
"Somalia, Fed. Rep.","SOM","Prevalence of current tobacco use (% of adults)","SH.PRV.SMOK","","","","","","","","","","","","","","","","","","","","","","","","","","","","","","","","","","","","","","","","","","","","","","","","","","","","","","","","","","","","","","","","","","",
"Serbia","SRB","Prevalence of current tobacco use (% of adults)","SH.PRV.SMOK","","","","","","","","","","","","","","","","","","","","","","","","","","","","","","","","","","","","","","","","","41.8","","","","","41.2","","40.9","","","40.6","","","","","40.1","","","","","39.8","","39.6","39.6","39.7","",
"Sub-Saharan Africa (excluding high income)","SSA","Prevalence of current tobacco use (% of adults)","SH.PRV.SMOK","","","","","","","","","","","","","","","","","","","","","","","","","","","","","","","","","","","","","","","","","18.4392485711312","","","","","15.4788008655299","","14.4721889911291","","","13.1447246837282","","","","","11.3243180406347","","","","","9.81640378003876","","9.3570107484602","9.12936264172083","8.91456298377112","",
"South Sudan","SSD","Prevalence of current tobacco use (% of adults)","SH.PRV.SMOK","","","","","","","","","","","","","","","","","","","","","","","","","","","","","","","","","","","","","","","","","","","","","","","","","","","","","","","","","","","","","","","","","","",
"Sub-Saharan Africa","SSF","Prevalence of current tobacco use (% of adults)","SH.PRV.SMOK","","","","","","","","","","","","","","","","","","","","","","","","","","","","","","","","","","","","","","","","","18.4408358387968","","","","","15.4802834607207","","14.4736489355587","","","13.14615597342","","","","","11.3255942390769","","","","","9.81754488328562","","9.35827211426731","9.13059181126658","8.91576180265913","",
"Small states","SST","Prevalence of current tobacco use (% of adults)","SH.PRV.SMOK","","","","","","","","","","","","","","","","","","","","","","","","","","","","","","","","","","","","","","","","","33.5611126131483","","","","","30.3846015372364","","29.3087641758919","","","27.8721941198464","","","","","25.9277130749977","","","","","24.5050495342644","","23.9198084760568","23.6585142184741","23.4573801996054","",
"Sao Tome and Principe","STP","Prevalence of current tobacco use (% of adults)","SH.PRV.SMOK","","","","","","","","","","","","","","","","","","","","","","","","","","","","","","","","","","","","","","","","","6.8","","","","","6.9","","7","","","7.2","","","","","7.5","","","","","7.9","","8.1","8.1","8.3","",
"Suriname","SUR","Prevalence of current tobacco use (% of adults)","SH.PRV.SMOK","","","","","","","","","","","","","","","","","","","","","","","","","","","","","","","","","","","","","","","","","","","","","","","","","","","","","","","","","","","","","","","","","","",
"Slovak Republic","SVK","Prevalence of current tobacco use (% of adults)","SH.PRV.SMOK","","","","","","","","","","","","","","","","","","","","","","","","","","","","","","","","","","","","","","","","","32.8","","","","","31.8","","31.5","","","31","","","","","30.3","","","","","29.7","","29.6","29.6","29.5","",
"Slovenia","SVN","Prevalence of current tobacco use (% of adults)","SH.PRV.SMOK","","","","","","","","","","","","","","","","","","","","","","","","","","","","","","","","","","","","","","","","","24.1","","","","","23.4","","23.1","","","22.7","","","","","21.9","","","","","21.4","","21.2","21","20.9","",
"Sweden","SWE","Prevalence of current tobacco use (% of adults)","SH.PRV.SMOK","","","","","","","","","","","","","","","","","","","","","","","","","","","","","","","","","","","","","","","","","49.5","","","","","40.8","","38.1","","","33.9","","","","","28.2","","","","","23.5","","21.8","21","20.3","",
"Eswatini","SWZ","Prevalence of current tobacco use (% of adults)","SH.PRV.SMOK","","","","","","","","","","","","","","","","","","","","","","","","","","","","","","","","","","","","","","","","","10.7","","","","","10.7","","10.7","","","10.8","","","","","11","","","","","11.3","","11.4","11.4","11.5","",
"Sint Maarten (Dutch part)","SXM","Prevalence of current tobacco use (% of adults)","SH.PRV.SMOK","","","","","","","","","","","","","","","","","","","","","","","","","","","","","","","","","","","","","","","","","","","","","","","","","","","","","","","","","","","","","","","","","","",
"Seychelles","SYC","Prevalence of current tobacco use (% of adults)","SH.PRV.SMOK","","","","","","","","","","","","","","","","","","","","","","","","","","","","","","","","","","","","","","","","","27.5","","","","","24.7","","23.7","","","22.3","","","","","20.3","","","","","18.6","","17.8","17.6","17.3","",
"Syrian Arab Republic","SYR","Prevalence of current tobacco use (% of adults)","SH.PRV.SMOK","","","","","","","","","","","","","","","","","","","","","","","","","","","","","","","","","","","","","","","","","","","","","","","","","","","","","","","","","","","","","","","","","","",
"Turks and Caicos Islands","TCA","Prevalence of current tobacco use (% of adults)","SH.PRV.SMOK","","","","","","","","","","","","","","","","","","","","","","","","","","","","","","","","","","","","","","","","","","","","","","","","","","","","","","","","","","","","","","","","","","",
"Chad","TCD","Prevalence of current tobacco use (% of adults)","SH.PRV.SMOK","","","","","","","","","","","","","","","","","","","","","","","","","","","","","","","","","","","","","","","","","10.7","","","","","9.8","","9.6","","","9.1","","","","","8.4","","","","","7.9","","7.7","7.5","7.4","",
"East Asia & Pacific (IDA & IBRD countries)","TEA","Prevalence of current tobacco use (% of adults)","SH.PRV.SMOK","","","","","","","","","","","","","","","","","","","","","","","","","","","","","","","","","","","","","","","","","29.5939174403645","","","","","28.1089740688663","","27.5572283859719","","","26.8404076703158","","","","","25.7519949125091","","","","","24.6538928882908","","24.2698797792179","24.1107982319694","23.8999807054939","",
"Europe & Central Asia (IDA & IBRD countries)","TEC","Prevalence of current tobacco use (% of adults)","SH.PRV.SMOK","","","","","","","","","","","","","","","","","","","","","","","","","","","","","","","","","","","","","","","","","37.9144366493262","","","","","34.8669790494933","","33.7286332978695","","","32.0437998725962","","","","","29.7028387061003","","","","","27.6972183416532","","26.9208246878798","26.584652098451","26.2492510627073","",
"Togo","TGO","Prevalence of current tobacco use (% of adults)","SH.PRV.SMOK","","","","","","","","","","","","","","","","","","","","","","","","","","","","","","","","","","","","","","","","","15.3","","","","","12.3","","11.3","","","10","","","","","8.2","","","","","6.8","","6.3","6.1","5.8","",
"Thailand","THA","Prevalence of current tobacco use (% of adults)","SH.PRV.SMOK","","","","","","","","","","","","","","","","","","","","","","","","","","","","","","","","","","","","","","","","","27.1","","","","","24.7","","23.7","","","22.6","","","","","20.8","","","","","19","","18.4","18.1","17.8","",
"Tajikistan","TJK","Prevalence of current tobacco use (% of adults)","SH.PRV.SMOK","","","","","","","","","","","","","","","","","","","","","","","","","","","","","","","","","","","","","","","","","","","","","","","","","","","","","","","","","","","","","","","","","","",
"Turkmenistan","TKM","Prevalence of current tobacco use (% of adults)","SH.PRV.SMOK","","","","","","","","","","","","","","","","","","","","","","","","","","","","","","","","","","","","","","","","","14.4","","","","","11.6","","10.7","","","9.4","","","","","7.7","","","","","6.3","","5.8","5.6","5.4","",
"Latin America & the Caribbean (IDA & IBRD countries)","TLA","Prevalence of current tobacco use (% of adults)","SH.PRV.SMOK","","","","","","","","","","","","","","","","","","","","","","","","","","","","","","","","","","","","","","","","","23.6514425853689","","","","","20.861726691267","","19.8657178053816","","","18.5072830868426","","","","","16.4789781171095","","","","","14.7378005228838","","14.0965963817007","13.850283049179","13.5297384495705","",
"Timor-Leste","TLS","Prevalence of current tobacco use (% of adults)","SH.PRV.SMOK","","","","","","","","","","","","","","","","","","","","","","","","","","","","","","","","","","","","","","","","","46.9","","","","","47","","47.3","","","47.6","","","","","47.9","","","","","48.5","","48.6","48.8","48.8","",
"Middle East, North Africa, Afghanistan & Pakistan (IDA & IBRD)","TMN","Prevalence of current tobacco use (% of adults)","SH.PRV.SMOK","","","","","","","","","","","","","","","","","","","","","","","","","","","","","","","","","","","","","","","","","28.6224686692186","","","","","25.6848987372885","","24.7573424077411","","","23.4582721349376","","","","","21.6884227212264","","","","","20.2233351791714","","19.7578204034042","19.5284225866285","19.3315006856538","",
"Tonga","TON","Prevalence of current tobacco use (% of adults)","SH.PRV.SMOK","","","","","","","","","","","","","","","","","","","","","","","","","","","","","","","","","","","","","","","","","33","","","","","32.7","","32.6","","","32.5","","","","","32.3","","","","","32.2","","32","32","32.1","",
"South Asia (IDA & IBRD)","TSA","Prevalence of current tobacco use (% of adults)","SH.PRV.SMOK","","","","","","","","","","","","","","","","","","","","","","","","","","","","","","","","","","","","","","","","","55.5848984449149","","","","","46.9138834232186","","43.4301844123726","","","38.9631888198087","","","","","32.3316849657226","","","","","27.1008172572323","","25.3375249045149","24.4771067407695","23.6104808866742","",
"Sub-Saharan Africa (IDA & IBRD countries)","TSS","Prevalence of current tobacco use (% of adults)","SH.PRV.SMOK","","","","","","","","","","","","","","","","","","","","","","","","","","","","","","","","","","","","","","","","","18.4408358387968","","","","","15.4802834607207","","14.4736489355587","","","13.14615597342","","","","","11.3255942390769","","","","","9.81754488328562","","9.35827211426731","9.13059181126659","8.91576180265913","",
"Trinidad and Tobago","TTO","Prevalence of current tobacco use (% of adults)","SH.PRV.SMOK","","","","","","","","","","","","","","","","","","","","","","","","","","","","","","","","","","","","","","","","","","","","","","","","","","","","","","","","","","","","","","","","","","",
"Tunisia","TUN","Prevalence of current tobacco use (% of adults)","SH.PRV.SMOK","","","","","","","","","","","","","","","","","","","","","","","","","","","","","","","","","","","","","","","","","32.9","","","","","30.9","","30.1","","","29","","","","","27.3","","","","","25.7","","25.2","24.8","24.4","",
"Turkiye","TUR","Prevalence of current tobacco use (% of adults)","SH.PRV.SMOK","","","","","","","","","","","","","","","","","","","","","","","","","","","","","","","","","","","","","","","","","32.8","","","","","32.3","","31.9","","","31.8","","","","","31.5","","","","","31.2","","31.1","31.1","31.1","",
"Tuvalu","TUV","Prevalence of current tobacco use (% of adults)","SH.PRV.SMOK","","","","","","","","","","","","","","","","","","","","","","","","","","","","","","","","","","","","","","","","","47.8","","","","","44.2","","42.8","","","41.1","","","","","38.1","","","","","35.2","","34.3","33.8","33.4","",
"Tanzania","TZA","Prevalence of current tobacco use (% of adults)","SH.PRV.SMOK","","","","","","","","","","","","","","","","","","","","","","","","","","","","","","","","","","","","","","","","","29.5","","","","","21.9","","19.5","","","16.7","","","","","12.6","","","","","9.6","","8.6","8.2","7.7","",
"Uganda","UGA","Prevalence of current tobacco use (% of adults)","SH.PRV.SMOK","","","","","","","","","","","","","","","","","","","","","","","","","","","","","","","","","","","","","","","","","24.6","","","","","19.1","","17.3","","","14.8","","","","","11.6","","","","","9.1","","8.3","7.9","7.5","",
"Ukraine","UKR","Prevalence of current tobacco use (% of adults)","SH.PRV.SMOK","","","","","","","","","","","","","","","","","","","","","","","","","","","","","","","","","","","","","","","","","42","","","","","37.3","","35.6","","","33.1","","","","","29.3","","","","","26.1","","24.9","24.3","23.7","",
"Upper middle income","UMC","Prevalence of current tobacco use (% of adults)","SH.PRV.SMOK","","","","","","","","","","","","","","","","","","","","","","","","","","","","","","","","","","","","","","","","","28.0136921306358","","","","","26.2685350433944","","25.6290370349503","","","24.7803512812974","","","","","23.518879587327","","","","","22.3171617435796","","21.9033981487011","21.7316438254354","21.5089273435796","",
"Uruguay","URY","Prevalence of current tobacco use (% of adults)","SH.PRV.SMOK","","","","","","","","","","","","","","","","","","","","","","","","","","","","","","","","","","","","","","","","","34.5","","","","","30.8","","29.2","","","27.1","","","","","24","","","","","21.3","","20.3","19.8","19.3","",
"United States","USA","Prevalence of current tobacco use (% of adults)","SH.PRV.SMOK","","","","","","","","","","","","","","","","","","","","","","","","","","","","","","","","","","","","","","","","","38.6","","","","","31.9","","29.7","","","26.5","","","","","22","","","","","18.3","","17","16.4","15.8","",
"Uzbekistan","UZB","Prevalence of current tobacco use (% of adults)","SH.PRV.SMOK","","","","","","","","","","","","","","","","","","","","","","","","","","","","","","","","","","","","","","","","","28.9","","","","","25.6","","24.3","","","22.4","","","","","19.8","","","","","17.7","","17","16.6","16.3","",
"St. Vincent and the Grenadines","VCT","Prevalence of current tobacco use (% of adults)","SH.PRV.SMOK","","","","","","","","","","","","","","","","","","","","","","","","","","","","","","","","","","","","","","","","","","","","","","","","","","","","","","","","","","","","","","","","","","",
"Venezuela, RB","VEN","Prevalence of current tobacco use (% of adults)","SH.PRV.SMOK","","","","","","","","","","","","","","","","","","","","","","","","","","","","","","","","","","","","","","","","","","","","","","","","","","","","","","","","","","","","","","","","","","",
"British Virgin Islands","VGB","Prevalence of current tobacco use (% of adults)","SH.PRV.SMOK","","","","","","","","","","","","","","","","","","","","","","","","","","","","","","","","","","","","","","","","","","","","","","","","","","","","","","","","","","","","","","","","","","",
"Virgin Islands (U.S.)","VIR","Prevalence of current tobacco use (% of adults)","SH.PRV.SMOK","","","","","","","","","","","","","","","","","","","","","","","","","","","","","","","","","","","","","","","","","","","","","","","","","","","","","","","","","","","","","","","","","","",
"Viet Nam","VNM","Prevalence of current tobacco use (% of adults)","SH.PRV.SMOK","","","","","","","","","","","","","","","","","","","","","","","","","","","","","","","","","","","","","","","","","31.9","","","","","29.1","","27.8","","","26.5","","","","","24.2","","","","","22.4","","21.7","21.4","21.1","",
"Vanuatu","VUT","Prevalence of current tobacco use (% of adults)","SH.PRV.SMOK","","","","","","","","","","","","","","","","","","","","","","","","","","","","","","","","","","","","","","","","","27.4","","","","","26.7","","26.4","","","26","","","","","25.3","","","","","25.1","","25","24.8","24.9","",
"World","WLD","Prevalence of current tobacco use (% of adults)","SH.PRV.SMOK","","","","","","","","","","","","","","","","","","","","","","","","","","","","","","","","","","","","","","","","","34.83859805275","","","","","30.9358843956738","","29.4611190064059","","","27.4839704885299","","","","","24.5354551334116","","","","","22.0167018779899","","21.1306496277711","20.7085863744146","20.2754776913217","",
"Samoa","WSM","Prevalence of current tobacco use (% of adults)","SH.PRV.SMOK","","","","","","","","","","","","","","","","","","","","","","","","","","","","","","","","","","","","","","","","","38","","","","","34.1","","32.7","","","30.7","","","","","27.6","","","","","24.9","","24.1","23.5","23.1","",
"Kosovo","XKX","Prevalence of current tobacco use (% of adults)","SH.PRV.SMOK","","","","","","","","","","","","","","","","","","","","","","","","","","","","","","","","","","","","","","","","","","","","","","","","","","","","","","","","","","","","","","","","","","",
"Yemen, Rep.","YEM","Prevalence of current tobacco use (% of adults)","SH.PRV.SMOK","","","","","","","","","","","","","","","","","","","","","","","","","","","","","","","","","","","","","","","","","","","","","","","","","","","","","","","","","","","","","","","","","","",
"South Africa","ZAF","Prevalence of current tobacco use (% of adults)","SH.PRV.SMOK","","","","","","","","","","","","","","","","","","","","","","","","","","","","","","","","","","","","","","","","","22.6","","","","","22.8","","22.8","","","23","","","","","23.2","","","","","23.4","","23.5","23.6","23.7","",
"Zambia","ZMB","Prevalence of current tobacco use (% of adults)","SH.PRV.SMOK","","","","","","","","","","","","","","","","","","","","","","","","","","","","","","","","","","","","","","","","","19.8","","","","","18.3","","17.8","","","17","","","","","15.9","","","","","14.9","","14.6","14.4","14.3","",
"Zimbabwe","ZWE","Prevalence of current tobacco use (% of adults)","SH.PRV.SMOK","","","","","","","","","","","","","","","","","","","","","","","","","","","","","","","","","","","","","","","","","21.3","","","","","18.4","","17.3","","","15.9","","","","","13.9","","","","","12.2","","11.6","11.3","11","",
