Country,CountryCode,Year,LifeExpectancy,NCDMortality,HealthExpPC,HealthExpGDP,Physicians,UHCIndex,OOPExpenditure,OldAgeDependency,GDPPerCapita,GDPGrowth,Diabetes,AdultObesity,PM25,HospitalBeds,NursesMidwives,UrbanPopulation,Unemployment,Population,PopulationDensity,GovHealthExpShare,GovHealthExpPC,DPTImmunization,HealthExpGDP_Imputed,OOPExpenditure_Imputed,Diabetes_Imputed,HospitalBeds_Imputed,NursesMidwives_Imputed,GovHealthExpShare_Imputed,GovHealthExpPC_Imputed,DPTImmunization_Imputed
Saudi Arabia,SAU,2000,72.607,19.5,493.3698425,4.2115941,0.924,74,18.46246338,3.746195881,22247.8567,4.718134221,25.1,27.28,62.59858999,,2.256,79.97048608,4.57,16177722,7.525606948,72.05238342,355.4847421,95,0,0,0,0,0,0,0,0
Saudi Arabia,SAU,2001,72.951,19.2,482.1044617,4.46173573,0.849,75,18.03369141,3.722857471,21193.09229,0.3445931962,25.35,27.98,59.75086293,,2.51775,80.15524281,4.618,17041397,7.92737418,72.5404892,349.7209374,97,0,0,0,0,1,0,0,0
Saudi Arabia,SAU,2002,73.296,18.9,449.8413086,4.2493763,,76,18.45171165,3.688569974,20025.432,-0.6883901303,25.51,28.68,59.16414054,2.63,2.7795,80.34381341,5.265,17910910,8.331857151,72.31415558,325.298947,95,0,0,0,0,1,0,0,0
Saudi Arabia,SAU,2003,73.657,18.7,457.0877075,3.97909737,,77,17.94919586,3.64823005,20765.93877,8.768733817,25.59,29.37,71.58487542,2.62,3.04125,80.54144563,5.563,18786767,8.739291247,72.37438965,330.8144237,95,0,0,0,0,1,0,0,0
Saudi Arabia,SAU,2004,74.027,18.6,471.4579773,3.58400965,,78,18.15097046,3.605936076,21545.89499,8.631005459,25.6,30.06,68.29324338,2.6,3.303,80.75423165,5.822,19669480,9.149914639,71.47950745,336.9958603,96,0,0,0,0,1,0,0,0
Saudi Arabia,SAU,2005,74.4,18.5,545.7357178,3.4186728,,78,16.49158669,3.565916571,21838.19153,5.944896239,25.55,30.73,67.48218307,2.59,3.56475,80.97755031,6.051,20559890,9.564118547,72.49501038,395.6311699,96,0,0,0,0,1,0,0,0
Saudi Arabia,SAU,2006,74.762,18.7,634.8187256,3.61922002,,79,15.39395142,3.531832767,21616.33558,3.313484736,25.45,31.39,67.79075702,2.49,3.8265,81.20085881,6.254,21459144,9.982436537,72.98228455,463.3052154,96,0,0,0,0,1,0,0,0
Saudi Arabia,SAU,2007,75.066,18.7,662.0079346,3.56229162,,80,16.73869896,3.504695885,21196.7926,2.213653964,25.31,32.05,67.8152709,2.39,4.08825,81.42300155,5.734,22368313,10.40536682,70.38717651,465.9686927,96,0,0,0,0,1,0,0,0
Saudi Arabia,SAU,2008,75.301,18.1,663.1433106,2.97100711,1.971,80,19.36904335,3.481700588,21629.84057,6.237987537,25.13,32.71,69.9360488,2.31,4.35,81.6441431,5.085,23287877,10.83313268,63.59476471,421.7244215,98,0,0,0,0,0,0,0,0
Saudi Arabia,SAU,2009,75.447,17.1,760.1947632,4.29042768,1.937,81,18.35076332,3.457244669,20577.54534,-1.066717112,24.93,33.36,71.52737183,2.31,4.578,81.86444801,5.377,24217654,11.26564947,64.98739624,494.0307973,98,0,0,0,0,0,0,0,0
Saudi Arabia,SAU,2010,75.616,15.9,765.9168091,3.64786148,2.244,81,18.94513893,3.424877506,21830.14243,5.039515082,24.7,33.99,71.1194864,2.31,5.159,82.07916685,5.55,23978487,11.15439296,61.93257141,474.3519648,98,0,0,0,0,0,0,0,0
Saudi Arabia,SAU,2011,75.808,14.1,954.3887329,3.68218255,2.27,81,15.62115383,3.379219537,23314.5576,11.75882069,24.43,34.59,73.8628445,2.25,5.157,82.25438762,5.77,25091867,11.6723188,67.06874847,640.0965513,98,0,0,0,0,0,0,0,0
Saudi Arabia,SAU,2012,76.09,12.9,1093.155884,3.98779845,2.273,81,15.15621376,3.317317761,23643.03583,5.761573823,24.14,35.14,74.69271413,2.26,5.162,82.4311918,5.622,26168861,12.17331848,68.28318787,746.4416168,98,0,0,0,0,0,0,0,0
Saudi Arabia,SAU,2013,76.517,12.5,1189.679321,4.42293596,2.426,82,14.35986423,3.239504356,23057.34945,2.945637892,23.85,35.66,73.01990857,2.31,5.354,82.60718846,5.6,27624004,12.85022678,69.59436035,827.949637,98,0,0,0,0,1,0,0,0
Saudi Arabia,SAU,2014,77.116,12.7,1363.591553,5.15800905,2.371,82,13.13586998,3.152827992,23404.7306,4.024671584,23.58,36.15,63.41353017,2.34,5.546,82.78225713,5.877,28309273,13.16900251,71.36855316,973.1754471,98,0,0,0,0,0,0,0,0
Saudi Arabia,SAU,2015,77.776,12.9,1309.271484,5.8620224,2.444,82,14.38336658,3.064668815,23256.15496,4.655123167,23.32,36.61,76.81265336,2.32,5.7675,82.95627734,5.6,29816382,13.87008452,68.47387695,896.5089436,98,0,0,0,0,1,0,0,0
Saudi Arabia,SAU,2016,78.354,13.1,1353.21814,6.24142838,2.466,82,14.45141888,3.037773939,22783.03285,1.704047392,23.07,37.07,70.77274087,2.31,5.989,83.12912863,5.6,30954198,14.39937758,69.59158325,941.7259603,98,0,0,0,0,0,0,0,0
Saudi Arabia,SAU,2017,78.721,13.8,1400.903564,6.03126049,2.676,82,14.3235302,3.142816794,23035.12,1.182107059,22.74,37.54,73.98938469,2.37,4.73,83.30069053,5.89,30977355,14.41014984,71.84702301,1006.507401,98,0,0,0,0,0,0,0,0
Saudi Arabia,SAU,2018,78.75,14.2,1488.975342,5.34063101,2.899,80,15.89835358,3.308578186,24393.51883,3.22695089,22.33,38,72.68687582,2.48,6.078,83.47084259,6.029,30196281,14.04680721,70.29850006,1046.72728,96,0,0,0,0,0,0,0,0
Saudi Arabia,SAU,2019,78.313,14.3,1504.55249,5.46743011,2.633,80,11.40407372,3.412663395,24905.66974,1.651589256,21.92,38.44,71.11800927,2.53,6.531,83.63946433,5.636,30063799,13.98517879,73.78594971,1110.148372,96,0,0,0,0,0,0,0,0
Saudi Arabia,SAU,2020,77.596,13.5,1574.700684,6.64630127,3.076,81,10.08158016,3.50424445,22827.67194,-3.80478902,21.53,38.85,68.39596712,2.54,6.347,83.80643529,7.66,31552510,14.67770237,78.2905426,1232.841725,95,0,0,0,0,0,0,0,0
Saudi Arabia,SAU,2021,77.089,13.6,1654.74353,5.93033648,3.2,82,10.15629482,3.628065763,24922.67169,6.519596983,21.16,39.23,73.67312915,2.46,6.432,83.971635,6.621,30784383,14.32038247,76.9837265,1273.883263,97,0,0,0,0,0,0,0,0
Saudi Arabia,SAU,2022,77.31,,1830.890747,5.31400585,3.482,82,12.78343868,3.719731043,26706.91793,12.00058748,20.81,39.55,77.79375029,2.44,6.233,84.134943,5.589,32175224,14.96737855,77.13733673,1412.300344,98,0,0,0,0,0,0,0,0
Saudi Arabia,SAU,2023,78.732,,1825.254517,5.68722248,3.406,83,14.11603928,3.857945592,25634.82375,0.5425924394,,39.8,73.51797524,2.41,6.557,84.29623883,4.008,33702731,15.67794938,77.76662445,1419.438895,97,0,0,0,0,0,0,0,0
United Arab Emirates,ARE,2000,76.347,11.6,706.0311279,2.39504457,1.616,73,22.08343506,1.637073583,56939.36008,10.85283793,25.33,25.52,56.13142853,1.97,3.051,79.28709248,2.25,3493575,49.19142495,68.83045959,485.9644722,94,0,0,0,0,0,0,0,0
United Arab Emirates,ARE,2001,77.621,11.2,689.2927856,2.48436403,1.759,74,15.08593273,1.733847303,54169.41357,1.398921611,25.72,26.19,56.39049874,1.98,3.298,79.74690026,2.443,3723590,52.43016052,77.01039886,530.82709,94,0,0,0,0,0,0,0,0
United Arab Emirates,ARE,2002,78.721,11.5,754.262207,2.71770859,1.761,74,28.04150772,1.834853941,52216.83183,2.433374872,26.04,26.83,48.90075922,1.95,3.339,80.27056029,2.659,3956826,55.71424951,61.22885132,461.8261088,94,0,0,0,0,0,0,0,0
United Arab Emirates,ARE,2003,79.6,10.7,784.8934326,2.64634395,1.838,74,27.45693016,1.941746706,53619.16629,8.8005781,26.3,27.42,60.76907696,1.95,3.502,80.84894327,2.903,4192457,59.03206139,61.27508163,480.9441444,94,0,0,0,0,0,0,0,0
United Arab Emirates,ARE,2004,80.272,10.4,821.7492065,2.46225643,1.762,74,30.40838051,2.060574346,55611.43763,9.566526263,26.52,27.98,61.16298884,1.76,3.079,81.47291993,2.965,4428967,62.36225007,57.10731125,469.2788848,94,0,0,0,0,0,0,0,0
United Arab Emirates,ARE,2005,80.779,9.8,898.3648071,2.3202107,1.494,71,30.13919067,2.197555369,55363.58182,4.85513658,26.71,28.49,56.32118491,1.31,2.951,82.21228328,3.12,4664790,65.68276542,56.84106064,510.6400483,94,0,0,0,0,0,0,0,0
United Arab Emirates,ARE,2006,81.155,9.3,1031.149048,2.3254137,1.407,71,29.70960617,2.254363507,56629.97131,9.837279229,26.87,28.96,53.05675358,1.395,2.963,82.55889686,2.964,5009100,70.53083638,57.30421829,590.8919015,92,0,0,0,1,0,0,0,0
United Arab Emirates,ARE,2007,81.438,8.5,1176.493286,2.56602693,1.541,72,28.87625122,2.091899245,52038.62294,3.184412815,27,29.39,54.62639179,1.48,3.269,82.7586085,2.934,5624635,79.197902,58.67370224,690.2921874,92,0,0,0,0,0,0,0,0
United Arab Emirates,ARE,2008,81.591,7.7,1465.824463,2.92857623,1.845,72,25.13651848,1.905873572,47922.69414,3.191812355,27.09,29.78,56.26329161,1.4,3.17,82.96589635,2.818,6302664,88.74491692,63.91038895,936.8140695,92,0,0,0,0,0,0,0,0
United Arab Emirates,ARE,2009,81.679,7.6,1531.022095,4.05000162,1.792,73,16.1003685,1.803594372,42672.19462,-5.242921907,27.24,30.23,55.87956409,1.37,3.452,83.1701993,2.932,6707058,94.4390031,73.68283844,1128.100508,93,0,0,0,0,0,0,0,0
United Arab Emirates,ARE,2010,81.886,8,1619.988647,3.74433136,1.749,72,17.94574356,1.74035447,42328.84668,1.602850043,27.37,30.67,55.53701459,1.27,3.269,83.37142991,2.798,6869838,96.73103351,70.85415649,1147.829421,94,0,0,0,0,0,0,0,0
United Arab Emirates,ARE,2011,81.898,8.3,1787.599976,3.56666398,1.786,74,16.88403702,1.751011553,43687.79194,6.736511679,27.4,30.97,57.15004112,1.26,3.549,83.56950078,2.587,7104538,100.0357364,72.42097473,1294.597266,95,0,0,0,0,0,0,0,0
United Arab Emirates,ARE,2012,81.913,8.3,1711.385254,3.33596373,1.801,76,16.73880386,1.795610656,43958.57797,4.683256429,27.41,31.23,64.13739728,1.29,3.67,83.76432448,2.323,7391448,104.0755843,72.54479218,1241.520786,96,0,0,0,0,0,0,0,0
United Arab Emirates,ARE,2013,81.95,8.3,1789.685791,3.50222182,2.045,79,17.15579414,1.815710153,44312.63205,4.918450592,27.39,31.44,55.88983069,1.25,3.923,83.95581358,2.125,7693031,108.322036,71.97173309,1288.067934,98,0,0,0,0,0,0,0,0
United Arab Emirates,ARE,2014,81.99,8.4,1776.731079,3.53405499,2.232,80,17.807827,1.832657264,44257.66521,4.632917859,27.36,31.6,50.62529656,1.29,4.429,84.14388068,1.999,8059440,113.4812729,70.97638702,1261.059507,99,0,0,0,0,0,0,0,0
United Arab Emirates,ARE,2015,82.076,8.4,1479.497437,3.46609354,2.361,81,17.78964996,1.842454398,44910.34589,7.087666227,27.34,31.76,58.40021949,1.43,5.321,84.32843835,1.793,8505237,119.7583357,71.25105286,1054.157578,99,0,0,0,0,0,0,0,0
United Arab Emirates,ARE,2016,82.195,8.4,1592.919067,3.89580107,2.458,81,15.99159431,1.817813465,45168.4956,5.657901472,27.35,31.93,53.88836976,1.39,5.733,84.50939917,1.64,8935095,125.8109687,76.27639771,1215.021391,99,0,0,0,0,0,0,0,0
United Arab Emirates,ARE,2017,82.388,8.6,1695.203125,4.00854969,2.502,82,11.41661835,1.808872294,43293.02024,-1.061371145,27.24,32.01,55.74835271,1.46,5.839,84.68667572,2.462,9223225,129.8679949,54.81138992,929.1644925,97,0,0,0,0,0,0,0,0
United Arab Emirates,ARE,2018,82.449,8.7,1872.584229,4.09854221,2.605,83,12.69611263,1.835311342,43377.8026,1.53720634,27,32,58.22531464,1.6,5.901,84.86018058,2.236,9346701,131.6066038,51.57845688,965.8500489,99,0,0,0,0,0,0,0,0
United Arab Emirates,ARE,2019,82.596,8.7,1962.467285,4.40291262,2.71,84,12.23162079,1.867446987,43468.45347,1.271291205,26.74,31.94,55.0277222,1.83,5.987,85.02982634,2.331,9445785,133.0017601,51.17391205,1004.271296,99,0,0,0,0,0,0,0,0
United Arab Emirates,ARE,2020,81.936,9.6,2154.411133,5.82477045,2.83,84,11.21054459,1.910778281,39878.46639,-8.693433638,26.51,31.9,47.91985814,1.91,6.249,85.19552557,4.294,9401038,132.3716981,60.98609543,1313.891265,90,0,0,0,0,0,0,0,0
United Arab Emirates,ARE,2021,79.083,11.6,2249.963135,5.30494308,2.786,84,10.46759415,1.977751634,40935.89155,4.552801401,26.31,31.89,56.30654486,1.88,6.109,85.35719085,3.105,9575152,134.8233174,64.10680389,1442.379372,96,0,0,0,0,0,0,0,0
United Arab Emirates,ARE,2022,80.487,,2240.905029,4.56536388,2.915,84,9.71845818,2.002494588,41828.56869,7.514524143,26.09,31.82,67.69471863,1.87,6.187,85.51473477,2.872,10074977,141.8611236,65.76844788,1473.808432,96,0,0,0,0,0,0,0,0
United Arab Emirates,ARE,2023,82.909,,2401.520264,4.97095108,2.992,84,9.66616821,2.068718084,41926.57735,4.301136485,,31.71,57.18673153,,,85.6680699,2.151,10483751,147.6168826,66.77935791,1603.719801,96,0,0,0,0,0,0,0,0
Bahrain,BHR,2000,74.673,29.8,451.502533,3.20020556,1.013,74,27.53905296,3.308760777,25407.96941,5.300069403,15.82,24.34,60.83897928,2.71,2.959,87.83562096,1.081,637582,898.0028169,71.09094238,320.9773936,97,0,0,0,0,0,0,0,0
Bahrain,BHR,2001,74.942,28.9,457.5974121,3.3434751,1.06,75,26.7744503,3.228222622,25106.28697,2.490948753,16.13,25.07,58.7648644,2.64,3.094,87.83971462,1.118,661316,931.4309859,71.68608856,328.0336707,99,0,0,0,0,0,0,0,0
Bahrain,BHR,2002,75.209,27.8,469.1547852,3.52897096,1.053,75,26.95469666,3.108844642,24149.0156,3.348550671,16.41,25.76,54.0853603,2.56,2.806,88.14278676,1.137,710553,1000.778873,71.25164032,334.2805158,98,0,0,0,0,0,0,0,0
Bahrain,BHR,2003,75.486,27.5,530.5446167,3.72810912,1.006,75,32.31951141,3.009890004,23857.64036,6.296441291,16.68,26.42,72.02703492,2.35,2.712,88.83253397,1.126,764517,1061.829167,65.96888733,349.9944077,97,0,0,0,0,0,0,0,0
Bahrain,BHR,2004,75.787,26.3,527.829895,3.35499287,0.922,75,30.68171883,2.944219344,23688.11211,6.980961759,16.94,27.07,66.50820753,2.19,2.637,89.8569006,1.064,823741,1128.412329,67.33620453,355.4205859,98,0,0,0,0,1,0,0,0
Bahrain,BHR,2005,76.125,24.8,557.9574585,3.12594414,0.995,75,27.47366142,2.893281496,23439.67044,6.768997378,17.21,27.7,67.92419124,2.18,2.562,91.1681655,1.021,888822,1201.110811,69.87419128,389.8682244,98,0,0,0,0,0,0,0,0
Bahrain,BHR,2006,76.51,23.2,578.2970581,2.98138189,0.977,75,26.69632721,2.839292153,23095.01813,6.46699952,17.48,28.3,57.90788175,2.05,2.619,92.71860754,1.021,960424,1297.87027,69.40020752,401.3393788,98,0,0,0,0,0,0,0,0
Bahrain,BHR,2007,76.952,22,677.1629028,3.16071057,0.995,75,30.2359314,2.786661444,23112.48881,8.293961291,17.76,28.88,55.00054593,1.93,2.5835,94.46050556,1.006,1039295,1385.726667,64.25352478,435.1010469,97,0,0,0,0,1,0,0,0
Bahrain,BHR,2008,77.457,20.9,734.9951172,3.07321215,0.984,75,27.9108448,2.748081854,23127.2148,6.24501095,18.05,29.45,58.0363788,1.88,2.548,96.34613842,1.015,1103496,1451.968421,65.20483398,479.2523387,97,0,0,0,0,0,0,0,0
Bahrain,BHR,2009,78.016,19.9,838.5288086,4.15054226,0.971,75,26.58000565,2.727002306,22206.9372,2.539885702,18.36,30,61.72499403,1.77,2.526,98.32778499,1.07,1178415,1550.546053,66.15504456,554.7291064,98,0,0,0,0,0,0,0,0
Bahrain,BHR,2010,78.593,19.5,866.6722412,3.92259479,0.971,75,26.74535942,2.776011978,22224.07362,4.334298975,18.67,30.54,57.41560221,1.76,2.516,100,1.13,1228543,1612.261155,65.20017242,565.0718169,99,0,0,0,0,0,0,0,0
Bahrain,BHR,2011,79.141,18.9,921.7206421,3.7181015,1.001,77,26.31511879,2.888306419,23288.04494,1.928157912,18.96,31.05,54.68561088,2.06,2.645,100,1.21,1195020,1558.044329,65.33170319,602.1758052,99,0,0,0,0,0,0,0,0
Bahrain,BHR,2012,79.622,18,1038.166138,3.95061135,1.023,78,26.80383301,2.958966657,23894.88044,3.80302899,19.24,31.53,60.14628625,2.02,2.651,100,1.2,1208964,1570.083117,65.34840393,678.4250516,99,0,0,0,0,0,0,0,0
Bahrain,BHR,2013,79.998,16.6,1115.169067,4.14491081,0.998,78,26.91797447,3.156981182,24271.62788,5.292622249,19.5,31.98,54.31084868,2.02,2.619,100,1.184,1253191,1627.520779,65.18132782,726.882032,99,0,0,0,0,0,0,0,0
Bahrain,BHR,2014,80.214,14.9,1122.1604,4.2369051,0.974,79,26.14287376,3.407609855,24135.49913,4.308856927,19.78,32.43,49.85303537,1.95,2.537,100,1.144,1314562,1705.009079,64.98168182,729.1987554,99,0,0,0,0,0,0,0,0
Bahrain,BHR,2015,80.338,14.3,1128.24292,4.75126362,0.927,79,25.89375496,3.366258276,23734.05511,2.507872053,20.09,32.85,59.10266489,1.89,2.498,100,1.164,1370322,1761.339332,65.0187912,733.5699212,98,0,0,0,0,0,0,0,0
Bahrain,BHR,2016,80.407,14.5,1095.925415,4.62360859,0.83,78,27.98857307,3.279511473,23715.27913,3.814993274,20.41,33.21,55.82984635,1.81,2.313,100,1.19,1423726,1827.632863,61.36575699,672.522943,99,0,0,0,0,0,0,0,0
Bahrain,BHR,2017,80.407,14.5,1080.088989,4.30236721,0.76,78,31.99498177,3.365593844,23606.88675,4.953835341,20.63,33.48,55.79299708,1.74,2.194,100,1.18,1501116,1924.507692,56.88352966,614.3927936,97,0,0,0,0,0,0,0,0
Bahrain,BHR,2018,80.412,14.4,1041.856079,3.94324946,0.729,77,30.00357628,3.58266647,24059.78386,2.05258865,20.77,33.73,60.11583978,1.81,2.182,100,1.188,1503091,1931.993573,58.83235168,612.9484534,99,0,0,0,0,0,0,0,0
Bahrain,BHR,2019,80.471,14.5,1030.263794,3.78430986,0.687,76,29.97935486,3.907233979,24873.66401,2.052877744,20.91,33.96,55.3164475,1.93,2,100,1.217,1483756,1902.251282,58.27348709,600.3706292,99,0,0,0,0,0,0,0,0
Bahrain,BHR,2020,78.683,15.1,1101.140259,4.55685711,0.741,78,26.24458504,4.26791908,23586.93096,-5.911362952,21.07,34.21,51.22259737,1.99,2.648,100,1.765,1472204,1875.419108,62.96240997,693.3044419,98,0,0,0,0,0,0,0,0
Bahrain,BHR,2021,78.083,14.8,1176.921021,4.32771444,,78,25.76650047,4.484691603,24086.78478,4.350040917,21.23,34.48,57.53371133,2.13,,100,1.548,1504365,1904.259494,63.7442131,750.2190644,98,0,0,0,0,0,0,0,0
Bahrain,BHR,2022,80.992,,1178.806641,3.89098358,,78,27.89371109,4.519297318,25234.40256,6.180161255,21.39,34.63,62.66966522,1.84,,100,1.265,1524693,1929.991139,61.15903091,720.946731,97,0,0,0,0,0,0,0,0
Bahrain,BHR,2023,81.284,,1175.816284,3.99562383,,78,28.65578461,4.702042007,25342.62266,3.878116148,,34.75,56.56548456,,,100,1.049,1577059,1971.32375,59.2651329,696.8490477,99,0,0,0,0,0,0,0,0
Kuwait,KWT,2000,76.22587805,17.4,425.2096863,2.20362997,,79,25.49419594,2.233707259,31341.97808,4.694581871,20.89,35.44,61.85979747,2.34,,99,0.8,1954709,109.6918631,72.54471588,308.4671322,98,0,0,0,0,0,0,0,0
Kuwait,KWT,2001,76.38434146,14.6,553.7513428,3.18719625,,79,19.64636612,2.276584555,30573.42842,0.2133325765,21.34,36.17,62.13485699,2.34,4.58,99.23475396,0.8,2008121,112.6891695,78.88748932,436.8405107,99,0,0,0,0,0,0,0,0
Kuwait,KWT,2002,76.53163415,15.8,578.4153442,3.12441754,,79,21.53982162,2.302522295,30702.21621,3.014283152,21.78,36.85,56.8932236,2.28,4.4978,99.50902769,1.1,2059974,115.5989899,76.80326843,444.2419055,99,0,0,0,0,1,0,0,0
Kuwait,KWT,2003,76.64456098,14.8,626.3509522,2.76042604,1.9,79,20.82116699,2.31079337,35169.63357,17.32602042,22.19,37.47,66.93811936,2.23,4.4156,99.76557943,1.3,2109881,118.3996072,76.89358521,481.6237366,99,0,0,0,0,1,0,0,0
Kuwait,KWT,2004,76.72768293,15.2,649.4250488,2.35702467,1.5,79,21.55590057,2.303990946,37918.54058,10.24029806,22.58,38.02,58.34378438,2.2,4.3334,99.94716744,1.7,2157320,121.0617284,76.26428986,495.2794064,98,0,0,0,0,1,0,0,0
Kuwait,KWT,2005,76.80078049,15.7,727.2536621,2.013309,1.8,79,21.47368431,2.298658045,40451.25517,10.60904498,22.96,38.51,67.94961354,2.47,4.2512,100,1.455,2236788,125.5212121,76.21052551,554.2438655,99,0,0,0,0,1,0,0,0
Kuwait,KWT,2006,76.88768293,15.6,782.2037964,1.8213098,1.46,80,21.23933411,2.31076925,41137.96993,7.514773,23.32,38.95,58.6612505,2.45,4.169,100,1.3,2364733,132.7010662,76.52494812,598.5810461,99,0,0,0,0,0,0,0,0
Kuwait,KWT,2007,77.01017073,15,880.7110596,1.92673647,1.879,80,21.34607697,2.334956668,41113.86939,5.991575511,23.67,39.34,57.64098825,2.43,4.319,100,1.5,2507887,140.7343996,76.42373657,673.0722726,99,0,0,0,0,0,0,0,0
Kuwait,KWT,2008,77.18904878,16.3,1069.464722,1.92400301,1.884,80,19.80873489,2.360301069,39852.51291,2.479756943,24,39.69,61.85109096,2.45,4.684,100,1.75,2651421,148.7890572,78.0923233,835.1699862,99,0,0,0,0,0,0,0,0
Kuwait,KWT,2009,77.43336585,14.8,1025.904907,2.70638776,1.91,81,16.72038269,2.383349797,35124.08539,-7.076056431,24.34,40.01,67.51049152,2.52,4.849,100,1.64,2795484,156.8734007,81.58335114,836.9675419,99,0,0,0,0,0,0,0,0
Kuwait,KWT,2010,77.72621951,13.1,1050.415894,2.67879915,2.47,81,14.33214474,2.413069971,32568.49818,-2.370548044,24.65,40.32,63.81343389,2.5,6.637,100,1.82,2943372,165.1723906,84.20078278,884.4584372,98,0,0,0,0,0,0,0,0
Kuwait,KWT,2011,78.0522439,11.7,1147.155396,2.33303547,2.484,82,14.01463985,2.466278888,33545.34627,9.628634195,24.95,40.53,64.31217962,2.54,6.574,100,2.051,3132814,175.8032548,84.47299194,969.0364226,99,0,0,0,0,0,0,0,0
Kuwait,KWT,2012,78.39502439,11.8,1216.868408,2.33311439,2.475,82,14.95504665,2.570987466,33578.33097,6.625874851,25.23,40.64,66.15352131,2.39,6.444,100,2.227,3337109,187.2676207,83.46147919,1015.616343,98,0,0,0,0,0,0,0,0
Kuwait,KWT,2013,78.74180488,11.1,1235.293213,2.48789287,2.547,83,14.48544121,2.728170283,32311.18,1.149465528,25.49,40.73,63.4043663,2.29,6.239,100,2.465,3507844,196.8487093,83.9683609,1037.255505,99,0,0,0,0,0,0,0,0
Kuwait,KWT,2014,79.08034146,10.8,1293.832642,2.9159987,2.67,83,13.92933083,2.9239194,31073.15373,0.5009146694,25.75,40.77,50.58489237,2.25,6.707,100,2.9,3665876,205.7169473,84.58882904,1094.437842,95,0,0,0,0,0,0,0,0
Kuwait,KWT,2015,79.37656098,11.5,1259.557861,4.21497965,2.647,83,13.69551945,3.178605853,29882.21265,0.5927708172,26.02,40.77,66.61146671,2.18,7.154,100,2.2,3834574,215.1837262,84.85922241,1068.850993,99,0,0,0,0,0,0,0,0
Kuwait,KWT,2016,79.67758537,10.5,1292.719849,4.73096323,2.106,83,13.28215694,3.48298367,29454.44264,2.926075843,26.29,40.72,57.0433246,2.08,7.007,100,2.16,4004096,224.6967452,85.31620789,1102.899512,99,0,0,0,0,0,0,0,0
Kuwait,KWT,2017,79.91607317,10.5,1351.723877,4.65326786,2.106,83,12.92664242,3.853591441,27048.37069,-4.712222705,26.48,40.6,61.91286701,2.05,7.175,100,2.23,4154812,233.1544332,85.70923615,1158.552187,99,0,0,0,0,0,0,0,0
Kuwait,KWT,2018,80.10636585,9.9,1658.60376,5.17201853,2.03,80,10.6470356,4.285427877,26706.01917,2.74333045,26.56,40.42,64.51557492,2.01,7.095,100,2.202,4323515,242.6214927,88.22940826,1463.376273,91,0,0,0,0,0,0,0,0
Kuwait,KWT,2019,81.9697561,10.1,1643.164917,5.18200397,2.087,83,10.7205658,4.765502529,26580.22647,2.263817066,26.58,40.3,57.82591,2,4.956,100,2.213,4442316,249.2882155,88.14811707,1448.418967,92,0,0,0,0,0,0,0,0
Kuwait,KWT,2020,78.76097561,11,1542.721436,6.11295223,2.273,83,10.39933586,5.300557139,25541.5379,-4.817315934,26.59,40.27,56.63378327,2.33,4.545,100,3.489,4400267,246.9285634,88.50325012,1365.358502,93,0,0,0,0,0,0,0,0
Kuwait,KWT,2021,78.73658537,9.3,1829.131348,5.37273169,,83,9.99747276,4.475609091,26203.26173,1.672130543,26.68,40.48,61.96938604,,,100,2.97,4360865,244.7174523,88.9475174,1626.966961,94,0,0,0,0,0,0,0,0
Kuwait,KWT,2022,80.58780488,,1683.399292,4.20024538,,84,10.7516222,3.519557924,26579.83216,6.75866712,26.77,40.71,74.50170712,,,100,2.133,4589643,257.5557239,88.11378479,1483.30686,96,0,0,0,0,0,0,0,0
Kuwait,KWT,2023,83.18780488,,1679.123535,4.96311998,,84,10.00349617,3.764148059,24722.81437,-1.640878,,40.53,62.34843618,,,100,2.08,4853420,272.3580247,88.54973602,1486.859365,99,0,0,0,0,0,0,0,0
Oman,OMN,2000,73.643,30,261.8826599,2.68485427,1.428,73,11.74951649,4.161340473,19881.73643,6.192410637,16.73,18.14,46.09199102,1.99,3.431,71.54008352,4.433,2282131,7.373605816,81.7517395,214.0936217,99,0,0,0,0,0,0,0,0
Oman,OMN,2001,73.979,29.4,259.5908508,2.70073724,1.47,73,11.26713276,4.119678728,20546.05541,4.613166494,16.99,18.76,44.41250401,1.94,3.4825,71.5179623,4.298,2310217,7.464352181,82.02848816,212.9384439,99,0,0,0,0,1,0,0,0
Oman,OMN,2002,74.276,28.9,274.1116638,2.77737164,1.513,73,10.14918995,4.051389357,20150.1132,-0.7841657864,17.23,19.4,41.72486727,1.91,3.534,71.50133181,4.335,2337140,7.551340872,83.46998596,228.8009488,99,0,0,0,0,1,0,0,0
Oman,OMN,2003,74.521,28.4,290.3858948,2.77524447,1.576,73,10.57715225,3.969284976,19485.64415,-2.19466568,17.45,20.04,46.12562839,1.9,3.5855,71.4926172,4.599,2363796,7.637466882,82.8730011,240.6515098,99,0,0,0,0,1,0,0,0
Oman,OMN,2004,74.82,28.1,306.4294128,2.59660101,1.61,73,11.15068245,3.925942464,19534.86014,1.99251511,17.66,20.68,47.89134668,1.86,3.637,71.54289235,4.693,2404821,7.770019386,81.91400909,251.008616,99,0,0,0,0,0,0,0,0
Oman,OMN,2005,75.07,27.8,326.909729,2.26479053,1.7,73,10.54691696,3.910745816,19629.04515,2.779443603,17.89,21.29,46.12224269,1.85,3.771,71.85778034,4.589,2459802,7.947663974,82.34389496,269.1901836,99,0,0,0,0,0,0,0,0
Oman,OMN,2006,75.354,27.4,341.9760132,2.01985121,1.821,73,11.47766304,3.885090081,20096.39656,4.669814819,18.13,21.89,43.72129,1.81,3.823,72.39202612,4.387,2514795,8.125347334,80.68894958,275.9368432,98,0,0,0,0,0,0,0,0
Oman,OMN,2007,75.596,26.3,397.211731,2.11371112,1.91,73,11.26973057,3.855415574,20642.74896,4.980654671,18.39,22.51,45.05874887,1.77,4.044,73.06792502,4.309,2570174,8.304277868,81.14011383,322.2980362,99,0,0,0,0,0,0,0,0
Oman,OMN,2008,76.124,26.3,466.6037598,1.75567567,1.978,74,12.44921112,3.833128722,22007.7339,8.95005895,18.69,23.13,46.80652418,1.75,4.277,73.80777237,4.142,2626529,8.486361874,78.83358002,367.8404796,99,0,0,0,0,0,0,0,0
Oman,OMN,2009,76.631,24.9,510.0869141,2.4694581,2.072,74,11.49723816,3.825453972,22819.19773,5.981966949,19.02,23.75,46.43814131,1.73,4.508,74.53386351,3.977,2684659,8.674180937,81.29703522,414.6854938,98,0,0,0,0,0,0,0,0
Oman,OMN,2010,77.184,26.9,583.5707398,2.47588587,2.126,74,10.4072876,3.818985216,22766.05036,2.471998566,19.38,24.36,45.06540873,1.7,4.666,75.15797247,3.911,2757446,8.909357027,82.71356201,482.6921483,99,0,0,0,0,0,0,0,0
Oman,OMN,2011,77.74,25.5,563.2363281,2.23611403,2.057,76,10.83927441,3.684850852,20993.90794,2.894609735,19.78,24.66,48.19170511,1.52,4.628,75.65858035,3.95,3076763,9.941075929,81.82298279,460.8567905,99,0,0,0,0,0,0,0,0
Oman,OMN,2012,78.187,23.7,561.1171875,2.27702832,1.989,75,10.24428463,3.520891302,19824.12155,8.863122256,20.19,24.9,54.11825395,1.31,4.406,76.08815662,3.753,3547106,11.46076252,82.73907471,464.2631476,98,0,0,0,0,0,0,0,0
Oman,OMN,2013,78.633,22.5,587.7107544,2.5054009,2.001,74,6.97031879,3.414906569,19299.94005,5.227704081,20.58,25.36,47.6879065,1.26,4.416,76.49142342,3.553,3833913,12.38744103,87.54677582,514.5217994,98,0,0,0,0,0,0,0,0
Oman,OMN,2014,79.03,22.8,726.6466065,3.13740134,2.162,74,5.68407965,3.405100284,18726.20269,1.292252294,20.97,25.92,41.57933977,1.22,4.696,76.88925767,3.453,4002439,12.93195153,89.93782043,653.5301262,99,0,0,0,0,0,0,0,0
Oman,OMN,2015,79.346,22.3,767.0445557,4.07826233,2.13,75,5.30148888,3.425151086,18808.30779,5.017057997,21.38,26.46,46.89662909,1.19,4.619,77.3025363,3.403,4184895,13.52147011,90.21833801,692.0148558,99,0,0,0,0,0,0,0,0
Oman,OMN,2016,79.581,21.9,714.4886475,4.17580843,1.964,75,5.56049776,3.385803772,18830.60572,5.046423946,21.81,26.96,45.25716605,1.15,4.5,77.75213623,3.266,4390877,14.18700162,89.86612701,642.0833259,99,0,0,0,0,0,0,0,0
Oman,OMN,2017,79.748,21.3,704.6295166,3.95418668,2.013,74,5.93687487,3.392568612,18277.94556,0.3040575659,22.15,27.42,45.95920612,1.11,4.394,78.314226,2.523,4537396,14.66040711,89.19998169,628.5293897,99,0,0,0,0,0,0,0,0
Oman,OMN,2018,79.864,20.6,639.7808228,3.21469474,2.104,75,6.4967432,3.466277987,18269.67694,1.287103915,22.38,27.87,50.48298401,1.09,4.408,78.96558397,1.8,4597877,14.85582229,86.43023682,552.9640446,99,0,0,0,0,0,0,0,0
Oman,OMN,2019,79.946,20.3,730.083252,3.80648994,2.091,74,5.9613471,3.556697345,18089.58667,-1.128638017,22.61,28.38,45.63142975,1.1,4.427,79.57800175,2.045,4591241,14.83438126,87.54851532,639.1770391,99,0,0,0,0,0,0,0,0
Oman,OMN,2020,77.763,17.7,859.2498779,5.11922932,2.003,73,5.20750856,3.62910561,17743.88588,-3.379720527,22.84,28.96,42.03921524,1.16,4.447,80.01763789,2.94,4522497,14.61226817,89.12306213,765.7897862,99,0,0,0,0,0,0,0,0
Oman,OMN,2021,75.969,14.6,843.0195313,4.34468651,2.006,73,5.46900749,3.701474912,18291.3388,2.582174989,23.1,29.47,45.75667259,1.15,4.527,80.12399421,1.9,4500424,14.54094992,88.57686615,746.7202664,99,0,0,0,0,0,0,0,0
Oman,OMN,2022,77.911,,712.0609741,3.06614041,1.992,73,6.90292358,3.736625397,18792.44606,7.985707284,23.37,29.79,52.13772453,1.05,4.661,80.01170532,3.3,4730226,15.28344426,85.58184052,609.3948794,99,0,0,0,0,0,0,0,0
Oman,OMN,2023,80.031,,732.0408936,3.49047446,,73,6.31094599,3.68933388,17853.96449,1.414013832,,30.1,46.85575771,0.99,,79.57029732,3.176,5049269,16.31427787,85.34009552,624.7244449,99,0,0,0,0,0,0,0,0
Qatar,QAT,2000,75.25,28.8,553.0860596,1.97258496,,81,30.03434944,1.652353002,54948.22281,8.028125488,18.77,26.01,109.3974297,2.08,,96.29427189,0.87,644989,55.5546081,59.51539612,329.1713483,80,0,0,0,0,0,0,0,0
Qatar,QAT,2001,75.486,28.6,598.736023,2.3197093,2.217,81,27.41547394,1.621789883,54316.54195,3.898147488,19.17,26.85,104.6118388,2.12,4.936,96.46743076,0.87,677925,58.39147287,63.04549408,377.4761087,93,0,0,0,0,0,0,0,0
Qatar,QAT,2002,75.766,28.8,668.8598633,2.46044064,,81,27.51289368,1.581907988,55493.605,7.182523311,19.57,27.71,94.05911258,2.05,5.18,96.64244976,0.87,711205,61.25796727,62.91417694,420.8076789,96,0,0,0,0,1,0,0,0
Qatar,QAT,2003,76.097,28.4,1115.453369,3.50257182,,82,18.53093338,1.534887551,54970.41989,3.719919498,19.96,28.56,124.6574492,1.97,5.424,96.83111821,0.87,744682,64.1414298,75.02135468,836.8281733,92,0,0,0,0,1,0,0,0
Qatar,QAT,2004,76.484,27.5,1261.619995,3.18311739,,82,18.55573273,1.508223607,63107.00863,19.21850324,20.34,29.47,117.6751643,2,5.668,97.04725796,0.87,773332,66.60913006,74.98792267,946.0626103,96,0,0,0,0,1,0,0,0
Qatar,QAT,2005,76.909,26.7,1386.015625,2.56300044,2.605,82,18.61186028,1.518131696,63555.62398,7.492728038,20.73,30.32,120.0549097,2.01,5.912,97.30166549,0.87,825408,71.09457364,74.91226959,1038.295662,97,0,0,0,0,0,0,0,0
Qatar,QAT,2006,77.323,25.1,1378.929688,2.288064,2.378,82,18.66810036,1.44833253,68036.62122,26.17039956,21.13,31.07,97.02591884,2.2,6.358,97.58273788,0.87,972831,83.79250646,74.8364563,1031.942166,96,0,0,0,0,0,0,0,0
Qatar,QAT,2007,77.741,24,1301.496826,2.07008052,,82,18.72445297,1.303329528,64614.04651,17.98521656,21.55,31.86,90.60612534,1.68,6.1325,97.86631251,0.52,1208595,104.0994832,74.76049805,973.0054566,94,0,0,0,0,1,0,0,0
Qatar,QAT,2008,78.262,22.7,1292.600464,1.63775349,3.231,81,18.78091812,1.175774367,64393.59545,17.66303468,21.97,32.7,96.89043873,1.43,5.907,98.12951939,0.31,1426938,122.9059432,74.68438721,965.3707204,97,0,0,0,0,0,0,0,0
Qatar,QAT,2009,78.837,21.4,1325.430054,2.38356304,3.232,80,19.3805542,1.052702335,63939.80508,11.95755129,22.4,33.57,105.2500191,1.27,4.789,98.34948853,0.31,1608903,138.5790698,71.01411438,941.2424662,99,0,0,0,0,0,0,0,0
Qatar,QAT,2010,79.444,20,1309.792725,1.87017763,4.048,80,18.7262249,1.011723514,74271.9023,16.73155585,22.81,34.44,98.63774118,1.22,6.211,98.50662322,0.45,1616832,139.2620155,70.99030304,929.8258158,97,0,0,0,0,0,0,0,0
Qatar,QAT,2011,79.994,18.6,1482.283081,1.599962,,82,16.8867054,1.093994195,83533.49638,13.02140505,23.18,35.25,98.06074082,1.22,6.21025,98.63006102,0.56,1624761,139.9449612,73.54415894,1090.132706,93,0,0,0,0,1,0,0,0
Qatar,QAT,2012,80.499,17.5,1712.670898,1.74822152,,82,10.88382721,1.219288413,82441.74051,4.626236755,23.52,36.03,107.0196585,1.31,6.2095,98.74280105,0.48,1722438,148.3581395,79.14241791,1355.449089,92,0,0,0,0,1,0,0,0
Qatar,QAT,2013,80.974,16.4,2029.865967,2.07620168,,82,6.90943241,1.287242442,77379.67356,4.430701965,23.85,36.76,97.36036462,1.18,6.20875,98.83576218,0.28,1916426,165.0668389,84.17029572,1708.544275,97,0,0,0,0,1,0,0,0
Qatar,QAT,2014,81.395,15.5,2252.414063,2.42293572,1.927,82,5.6476922,1.256017029,71756.06493,4.119115279,24.17,37.36,90.7022898,1.08,6.208,98.90162784,0.2,2151745,187.2711053,86.74364471,1953.826133,89,0,0,0,0,0,0,0,0
Qatar,QAT,2015,81.785,14.6,2422.644531,3.63581347,,82,5.31610537,1.236299371,68985.2947,4.753345724,24.51,37.93,109.4546077,1.01,5.634,98.93824077,0.17,2344557,204.0519582,87.8764267,2128.933314,99,0,0,0,0,1,0,0,0
Qatar,QAT,2016,82.147,14.1,2072.061035,3.54971433,2.751,81,6.27973223,1.274739019,67294.45858,3.064191884,24.85,38.57,106.1165977,1.01,5.06,98.98552653,0.15,2477113,215.5885988,85.80706787,1777.974885,98,0,0,0,0,0,0,0,0
Qatar,QAT,2017,82.458,13.7,1911.953613,3.21237087,,80,6.88137674,1.318418599,64497.69872,-1.497604702,25.1,39.19,107.6648662,0.94,6.083,99.03101253,0.14,2545820,221.5683203,84.43958282,1614.445571,97,0,0,0,0,0,0,0,0
Qatar,QAT,2018,82.714,13.4,1966.557129,2.96176219,2.504,82,6.73806286,1.347792055,64410.81713,1.234872202,25.25,39.71,107.7869611,1.03,7.251,99.07556848,0.11,2580734,224.6069626,84.66618347,1665.008884,98,0,0,0,0,0,0,0,0
Qatar,QAT,2019,82.945,12.9,2007.515259,3.18468714,,83,6.3903017,1.390863241,63430.46076,0.6882409546,25.38,40.17,99.8585341,1.12,7.4986,99.11916967,0.1,2638657,229.6481288,85.47602081,1715.944179,98,0,0,0,0,1,0,0,0
Qatar,QAT,2020,80.409,12,1967.151978,3.81872201,,83,5.89859581,1.496822547,57769.6041,-3.55760399,25.52,40.67,99.19914024,1.21,7.7462,99.16179138,0.14,2794148,243.1808529,86.67664337,1705.06127,89,0,0,0,1,1,0,0,0
Qatar,QAT,2021,81.083,12.1,1847.002319,2.8927927,,84,6.55757952,1.568045121,65488.51179,1.626846719,25.68,41.16,107.889879,1.3,7.9938,99.20340891,0.14,2504910,218.0078329,85.02615356,1570.435029,98,0,0,0,0,1,0,0,0
Qatar,QAT,2022,81.857,,1781.503906,2.18613315,,84,7.7333827,1.668761308,64315.62636,4.18500971,25.84,41.48,111.914954,1.25,8.2414,99.24399753,0.13,2657333,231.2735422,82.19351959,1464.280859,98,0,0,0,0,1,0,0,0
Qatar,QAT,2023,82.368,,1804.354248,2.52358818,3.022,84,7.42945814,1.887994516,65111.03332,1.187159916,,41.73,107.7585715,,8.489,99.28353252,0.13,2656032,231.1603133,83.0215683,1498.003211,95,0,0,0,0,0,0,0,0
Jordan,JOR,2000,71.926,24.7,151.3348694,9.34367943,1.778,75,39.10034561,4.707280713,3725.495447,4.245711921,17.12,29.93,20.3251404,,2.89,78.28482475,13.7,5386945,61.0487874,44.98270035,68.0745111,91,0,0,0,0,0,0,0,0
Jordan,JOR,2001,72.141,24.5,161.3390045,9.57236385,1.933,75,38.47376633,4.841901146,3841.985118,5.269957575,17.41,30.63,23.00491735,,2.894,78.29023653,14.7,5498894,62.31747507,45.62797928,73.61572995,99,0,0,0,0,0,0,0,0
Jordan,JOR,2002,72.359,24.1,164.7500153,9.2786417,2.086,75,39.48170853,4.98186432,3979.403887,5.783807927,17.67,31.31,24.19941689,,2.672,78.29729189,15.3,5616066,63.64535358,47.408535,78.10557183,95,0,0,0,0,0,0,0,0
Jordan,JOR,2003,72.585,23.3,161.878418,8.78901005,2.155,75,42.03338242,5.119372622,4054.226126,4.161667555,17.9,31.95,28.43517352,1.7,2.819,78.30694203,14.5,5741828,65.07058024,46.58573532,75.41225436,97,0,0,0,0,0,0,0,0
Jordan,JOR,2004,72.788,23.1,175.0439301,8.74670506,1.938,75,40.68493271,5.244950415,4296.623674,8.567214242,18.11,32.56,26.93819579,1.67,3.094,78.31853504,14.626,5882061,66.65980281,39.31506729,68.81864234,95,0,0,0,0,0,0,0,0
Jordan,JOR,2005,72.977,22.8,185.0302124,8.49441624,2.141,75,40.07585526,5.357445394,4532.962483,8.146594811,18.3,33.12,25.18142615,1.68,2.89,78.41212623,14.8,6029587,68.33167498,51.70669937,95.67301732,95,0,0,0,0,0,0,0,0
Jordan,JOR,2006,73.225,22.1,188.7204132,7.67925692,2.136,76,39.1860466,5.450341119,4596.569094,8.092975278,18.48,33.63,27.37614807,1.71,3.083,78.75561257,14,6427371,72.83965322,51.27906799,96.7740653,98,0,0,0,0,0,0,0,0
Jordan,JOR,2007,73.407,20.7,208.0362701,7.90982628,2.238,75,36.04766464,5.521912286,4681.170068,8.176169952,18.66,34.12,28.70012511,1.62,2.765,79.33582707,13.1,6827227,77.37111287,56.70307922,117.9629625,98,0,0,0,0,0,0,0,0
Jordan,JOR,2008,73.563,19.7,275.1753235,8.48880577,2.085,75,31.94139099,5.588147249,4902.383481,7.220386373,18.82,34.58,29.58336428,1.6,2.773,80.12909662,12.7,6989866,79.21425657,60.5128212,166.516342,97,0,0,0,0,0,0,0,0
Jordan,JOR,2009,73.707,18.7,316.9222107,9.22396946,2.055,76,22.71313095,5.647518627,5043.626387,5.11667227,18.98,35,30.74347372,1.59,3.377,81.1117481,12.9,7141753,80.44326425,67.08152008,212.5962285,98,0,0,0,0,0,0,0,0
Jordan,JOR,2010,73.797,17.9,303.8081665,8.17025661,2.222,76,21.85514641,5.704333207,5066.4972,2.637715826,19.12,35.37,34.86558977,1.61,3.517,82.26010839,12.5,7297043,82.19241946,66.70902252,202.6674556,98,0,0,0,0,0,0,0,0
Jordan,JOR,2011,73.929,17.4,321.5905762,8.14807701,,77,20.90163994,5.765166456,5085.98005,2.907293154,19.22,35.69,29.11175327,1.6,3.565,83.55050438,12.9,7480424,84.25798603,67.44730377,216.904177,98,0,0,0,0,1,0,0,0
Jordan,JOR,2012,74.087,16.9,325.978363,7.81799555,,77,21.58314323,5.840346587,5135.032794,2.404657165,19.29,35.95,31.50067,1.6,3.613,84.95926296,12.2,7587127,85.45986709,64.40774536,209.9553153,98,0,0,0,0,1,0,0,0
Jordan,JOR,2013,74.282,16.2,308.9430847,7.16592407,2.34,76,22.13348579,5.716697886,5007.761621,2.72311206,19.35,36.18,31.28008898,1.51,3.661,86.46271102,12.6,7991809,90.01812345,61.5516243,190.1594883,98,0,0,0,0,0,0,0,0
Jordan,JOR,2014,74.606,15.5,302.1412048,7.20892906,2.236,76,20.89077377,5.429200321,4703.39945,3.32287328,19.39,36.37,28.86415001,1.41,3.485,88.03717543,11.9,8791710,99.02804686,64.4750824,194.805784,98,0,0,0,0,0,0,0,0
Jordan,JOR,2015,75.06,14.6,301.6306763,7.4609561,2.726,75,29.33435059,5.363597155,4441.61896,2.522616711,19.42,36.49,32.90535751,1.38,3.394333333,89.88813919,13.075,9544729,107.5099009,53.54001617,161.4931188,99,0,0,0,0,1,0,0,0
Jordan,JOR,2016,75.55,14,278.1337891,6.97644138,,73,32.94747543,5.493260541,4326.172616,2.11166807,19.43,36.56,30.98729973,1.37,3.303666667,90.56272795,15.275,10006367,112.7096981,45.77644348,127.3197634,98,0,0,0,0,1,0,0,0
Jordan,JOR,2017,76.071,13.4,289.0465698,7.10953665,2.222,72,33.99718094,5.651951511,4335.925127,2.507703981,19.34,36.55,30.25656925,1.45,3.213,90.87646097,18.12,10234226,115.2762559,44.80283356,129.5010603,99,0,0,0,0,0,0,0,0
Jordan,JOR,2018,76.491,12.8,289.4710693,6.98295021,,69,35.3108139,5.824587488,4320.029787,1.853834156,19.15,36.46,31.75674132,1.41,2.687,91.20088591,18.257,10462306,117.845303,42.96430969,124.369245,96,0,0,0,0,0,0,0,0
Jordan,JOR,2019,76.865,12.7,294.9278565,7.07244635,2.519,69,36.0000267,6.000932865,4313.807914,1.856330066,18.95,36.31,32.16458401,1.36,3.168,91.51596649,16.801,10671891,120.1870735,42.94781876,126.6650716,89,0,0,0,0,0,0,0,0
Jordan,JOR,2020,75.583,12.9,303.4822998,7.54554749,,70,35.40723419,6.163652021,4188.212401,-1.152575342,18.76,36.14,34.56891138,1.38,3.142333333,91.8216723,19.213,10865228,122.364439,45.26340103,137.36641,77,0,0,0,0,1,0,0,0
Jordan,JOR,2021,74.204,11.6,322.0158997,7.69733906,,71,35.78003311,6.299391257,4266.37903,3.752012768,18.58,35.95,30.94560764,1.39,3.116666667,92.11797291,19.837,11066356,124.629547,43.27261734,139.3447076,85,0,0,0,0,1,0,0,0
Jordan,JOR,2022,77.088,,334.387146,7.73623276,2.851,73,35.92578506,6.471503996,4309.614329,2.746861545,18.41,35.75,33.30419894,1.42,3.091,92.40483791,18.2,11256263,126.7682839,44.14997864,147.6318483,92,0,0,0,0,0,0,0,0
Jordan,JOR,2023,77.814,,342.1039429,7.66000605,,74,34.4679451,6.706284678,4373.380885,3.12900102,,35.55,32.63201165,1.41,3.333,92.68223687,16.62,11439213,128.8286709,45.00594711,153.9671159,96,0,0,0,0,0,0,0,0
Lebanon,LBN,2000,73.895,17.2,425.7009583,10.82951355,,64,57.79088211,8.118752549,5958.978368,1.34187162,13.47,20.03,24.49630185,3.07,,86,8.641,4329340,423.200391,29.8194313,126.9416071,83,0,0,0,0,0,0,0,0
Lebanon,LBN,2001,74.354,16.4,416.5748596,10.56254768,2.614,63,54.84230804,8.203079261,6085.760414,3.839669277,13.71,20.66,26.10688051,3,0.944,86.14512381,8.499,4401918,430.2950147,32.68748093,136.1678172,80,0,0,0,0,0,0,0,0
Lebanon,LBN,2002,74.836,15.6,391.741394,9.28233719,,63,54.11543274,8.286064734,6207.241339,3.423149828,13.94,21.28,26.9375504,3,0.96075,86.29428466,8.248,4463504,436.3151515,32.85642242,128.7122061,77,0,0,0,0,1,0,0,0
Lebanon,LBN,2003,75.275,15.1,373.3597107,8.67109871,,63,52.48448944,8.362396233,6319.765183,3.227098269,14.16,21.89,28.03322512,3,0.9775,86.44753518,8.061,4525508,442.3761486,33.90073776,126.5717008,74,0,0,0,0,1,0,0,0
Lebanon,LBN,2004,75.693,14.7,368.0142517,7.99923086,,64,48.88165665,8.42249793,6633.75258,6.679444616,14.37,22.49,27.59186161,3,0.99425,86.60492797,7.85,4599279,449.58739,37.12298584,136.6178748,75,0,0,0,0,1,0,0,0
Lebanon,LBN,2005,76.074,14.7,347.4025269,7.54867649,,64,47.32339478,8.470570938,6707.180246,2.68577931,14.59,23.07,25.72475546,3.6,1.011,86.76651567,8.249,4671102,456.6082111,38.41324997,133.4485995,77,0,0,0,0,0,0,0,0
Lebanon,LBN,2006,75.677,14.5,401.4367065,8.66057873,2.475,64,44.68946075,8.516907468,6696.374282,1.549515001,14.82,23.63,25.91273055,3.6,1.221,86.93235088,8.679,4751136,464.4316716,41.0092659,164.6262447,78,0,0,0,0,1,0,0,0
Lebanon,LBN,2007,76.732,14.4,438.7111206,8.55984211,2.309,65,44.07956314,8.566190996,7179.345201,9.310622526,15.07,24.18,26.08132783,3.43,1.431,87.10248623,8.98,4844118,473.5208211,41.04162979,180.0542102,80,0,0,0,0,0,0,0,0
Lebanon,LBN,2008,76.956,14.4,462.1776733,7.81751728,,65,44.85952377,8.622947383,7701.29823,9.069128268,15.33,24.72,25.69478282,3.43,1.5455,87.27697433,7.666,4925354,481.4617791,39.34031296,181.8221466,81,0,0,0,0,1,0,0,0
Lebanon,LBN,2009,77.262,14.3,496.882843,7.0073576,,66,44.5697403,8.693996451,8375.488513,10.23215558,15.61,25.25,25.11455434,3.45,1.66,87.45586781,6.355,4992287,488.0045943,38.19932938,189.8059028,81,0,0,0,0,0,0,0,0
Lebanon,LBN,2010,77.529,14.1,567.2550659,7.43864489,2.298,66,43.58500671,8.787423473,8955.543362,7.975135558,15.91,25.76,28.94411794,3.45,1.744,87.63921928,6.768,5041288,492.7945259,40.30947113,228.6575265,82,0,0,0,0,0,0,0,0
Lebanon,LBN,2011,77.768,14.2,640.6980591,8.17744446,2.675,66,40.18660736,8.90731215,8936.200275,0.8673398786,16.19,26.25,25.82367732,3.45,1.688333333,87.82708137,7.352,5096020,498.1446725,43.7142067,280.0760947,82,0,0,0,0,1,0,0,0
Lebanon,LBN,2012,77.941,14.2,588.8391724,7.00420094,,67,37.33576584,9.055810487,8920.805698,2.564791337,16.48,26.72,25.23797525,3.45,1.632666667,88.01950668,7.952,5235742,511.802737,43.50121689,256.152189,83,0,0,0,0,1,0,0,0
Lebanon,LBN,2013,78.037,14.2,576.8717651,7.06742191,2.315,68,36.94981384,9.244530996,8443.538565,3.827873499,16.78,27.17,26.67505013,2.86,1.577,88.21654785,8.477,5743436,561.430694,44.15641022,254.7258475,83,0,0,0,0,0,0,0,0
Lebanon,LBN,2014,78.148,13.9,569.9793701,7.52191401,2.045,68,35.56375885,9.470288052,7830.415111,2.484060105,17.11,27.61,24.42799338,2.85,1.646,88.41825748,8.84,6346990,620.42913,47.48551178,270.6576439,83,0,0,0,0,0,0,0,0
Lebanon,LBN,2015,78.275,13.6,572.0722046,7.41596651,2.123,68,32.6974411,10.0714333,7714.11,0.4623207926,17.45,28.02,27.38287831,3.37,1.556,88.6246882,9.312,6472469,632.6949169,45.5106163,260.3535841,83,0,0,0,0,0,0,0,0
Lebanon,LBN,2016,78.306,12.9,640.9656372,7.92344952,2.136,68,31.97481537,11.05572266,8019.141691,1.554549409,17.81,28.42,24.93169851,2.73,1.669,88.83589263,9.794,6323060,618.0899316,47.00899887,301.3115528,83,0,0,0,0,0,0,0,0
Lebanon,LBN,2017,78.192,12.5,671.7799683,7.80357552,2.242,69,33.06612396,12.0343398,8305.574054,0.9030284641,18.1,28.77,25.8866709,2.73,1.818,89.05192339,10.258,6160128,602.1630499,47.11582947,316.514694,83,0,0,0,0,0,0,0,0
Lebanon,LBN,2018,78.263,12.1,740.3869629,8.07031727,2.412,67,35.30458069,12.97363953,8388.723512,-1.884705756,18.33,29.08,26.92391434,2.73,1.918,89.27283309,10.755,5984119,584.957869,46.73417664,346.013747,83,0,0,0,0,0,0,0,0
Lebanon,LBN,2019,78.208,12.1,798.1342163,8.68533897,2.611,69,30.71131897,13.86738097,8064.048734,-6.914924729,18.55,29.35,27.88020894,2.73,,89.49867435,11.301,5794594,566.4314761,49.29297256,393.4240656,83,0,0,0,0,0,0,0,0
Lebanon,LBN,2020,76.299,12.7,303.4863281,7.48221779,2.68,68,30.31226349,14.49824216,6440.828431,-21.39989969,18.81,29.63,26.06807863,2.73,,89.7294998,13.252,5702398,557.4191593,44.43261719,134.8469117,71,0,0,0,0,0,0,0,0
Lebanon,LBN,2021,73.65,11.9,189.8581543,4.40006208,,68,32.36011505,14.74655208,5973.419339,-7.001238625,19.09,29.9,25.22655665,2.73,,89.96536205,12.715,5718122,558.9562072,26.89803314,51.06810686,67,0,0,0,0,0,0,0,0
Lebanon,LBN,2022,78.003,,230.3909302,4.91255951,,68,32.43323898,15.02889728,5909.036516,-0.6216789707,19.4,30.18,27.98267173,,,90.20631371,11.105,5744489,561.5336266,30.83833122,71.0487201,67,0,0,0,0,0,0,0,0
Lebanon,LBN,2023,77.817,,260.8119812,5.57497263,,67,29.70126343,15.48136329,5834.634157,-0.7605844703,,30.45,26.69485328,,,90.45240742,10.985,5773493,564.3688172,37.90446472,98.85938534,53,0,0,0,0,0,0,0,0
Egypt,EGY,2000,67.332,28.2,69.37174988,4.92244291,,73,62.48934937,6.819520777,2458.60835,6.37000383,13.61,27.87,49.04152072,1.92,,42.73393989,8.98,73083284,73.41733286,35.18718338,24.40996609,98,0,0,0,0,0,0,0,0
Egypt,EGY,2001,67.612,29.5,68.67334747,5.40030336,,73,63.8256073,6.770289166,2492.034412,3.535251974,13.97,28.76,49.95746532,1.92,,42.78355068,9.26,74652029,74.99324828,34.22034454,23.5002562,99,0,0,0,0,0,0,0,0
Egypt,EGY,2002,67.846,29.8,63.99928665,5.5107379,,74,63.76679611,6.717116495,2498.481212,2.390204027,14.34,29.64,51.84426989,1.9,,42.83476295,10.01,76239137,76.58761063,34.46139908,22.05504877,97,0,0,0,0,0,0,0,0
Egypt,EGY,2003,68.045,30.3,50.34780884,5.2242527,0.494,74,65.40507507,6.649588392,2524.804772,3.193454738,14.75,30.5,61.10190973,1.9,,42.88346855,10.91,77853548,78.20940077,31.92203712,16.07204641,98,0,0,0,0,0,0,0,0
Egypt,EGY,2004,68.211,30,50.33084488,4.85732365,,74,64.55256653,6.565000743,2574.423418,4.09207161,15.19,31.33,57.69605322,1.92,1.847,42.92555934,10.32,79477443,79.84071827,32.51028824,16.36270219,97,0,0,0,0,0,0,0,0
Egypt,EGY,2005,68.355,29.7,59.4683876,4.92229176,,74,64.58325958,6.472375963,2635.703052,4.471744471,15.7,32.14,51.09215467,1.88,2.0095,42.95692714,11.049,81101004,81.47170024,32.28804016,19.20117717,98,0,0,0,0,1,0,0,0
Egypt,EGY,2006,68.493,29.9,66.32707214,4.84190083,,75,60.41719818,6.388225545,2761.624108,6.843838194,16.26,32.93,44.41902769,2.08,2.172,42.97299917,10.49,82700403,83.07840976,36.02454758,23.89402884,98,0,0,0,0,0,0,0,0
Egypt,EGY,2007,68.627,29.5,73.29454041,4.44493246,,75,60.32749176,6.32476753,2902.065598,7.087827427,16.88,33.71,40.75776474,1.82,2.123285714,42.97296663,8.8,84276225,84.66143453,35.28871155,25.86469834,98,0,0,0,0,1,0,0,0
Egypt,EGY,2008,68.761,29.6,90.15769958,4.46634817,,75,61.82380295,6.287943211,3052.212978,7.156283567,17.56,34.49,40.97560172,1.59,2.074571429,42.96089891,8.517,85864789,86.25725953,34.39305496,31.00798666,97,0,0,0,0,1,0,0,0
Egypt,EGY,2009,68.915,29.9,98.90396881,4.37870932,,75,60.43681335,6.283541046,3135.096613,4.6735998,18.3,35.27,42.956341,1.48,2.025857143,42.93834706,9.087,87501636,87.90158823,35.04710007,34.66297151,97,0,0,0,0,1,0,0,0
Egypt,EGY,2010,69.078,29.9,105.0781784,4.15319157,,74,62.62810135,6.319868514,3233.845212,5.147234857,19.08,36.05,46.32628908,1.4,1.977142857,42.90571755,8.757,89196072,89.60376915,32.93099594,34.60328863,97,0,0,0,0,1,0,0,0
Egypt,EGY,2011,69.232,29.1,116.2294922,4.35707569,,74,60.49510574,6.385169089,3222.376501,1.764571948,19.87,36.81,40.89775374,1.4,1.928428571,42.86341685,11.849,91093059,91.50942689,33.84382629,39.33650886,96,0,0,0,0,1,0,0,0
Egypt,EGY,2012,69.464,29.7,139.8162537,4.45891809,,73,60.88405991,6.478302247,3220.991942,2.226199798,20.64,37.54,42.6414653,1.38,1.879714286,42.81185141,12.597,93161001,93.58682104,28.70971107,40.14084236,93,0,0,0,0,1,0,0,0
Egypt,EGY,2013,69.632,28.4,139.6724548,4.6710043,,74,57.93513489,6.583899692,3216.37839,2.185466054,21.42,38.25,46.55548191,1.37,1.831,42.75142772,13.154,95333553,95.76930333,29.26489449,40.87499904,97,0,0,0,0,0,0,0,0
Egypt,EGY,2014,69.911,28.8,155.0648041,4.77415323,0.73,74,55.12137222,6.685501287,3235.662462,2.915911881,22.21,38.94,43.59682965,1.34,1.813,42.68255223,13.105,97528654,97.97443769,29.54225349,45.80963486,94,0,0,0,0,0,0,0,0
Egypt,EGY,2015,70.135,30.1,170.2553253,5.06153202,0.763,73,58.8299675,6.8051661,3306.981594,4.372019078,23.01,39.61,45.69302045,1.25,1.802,42.60563141,13.052,99597342,100.0525812,31.24345398,53.19364678,93,0,0,0,0,0,0,0,0
Egypt,EGY,2016,70.437,28.9,142.618454,5.07462406,0.763,73,58.99694824,6.943090868,3381.222463,4.346643456,23.83,40.25,45.03454252,1.25,1.789,42.52107173,12.45,101644589,102.1091858,30.86659813,44.02146554,95,0,0,0,0,0,0,0,0
Egypt,EGY,2017,70.709,27.5,106.0028839,5.34661913,0.743,73,56.39825058,7.096970453,3452.909612,4.181221,24.56,40.83,45.00864048,1.27,1.792,42.44860087,11.767,103696057,104.1700306,30.97197151,32.83118329,94,0,0,0,0,0,0,0,0
Egypt,EGY,2018,70.974,27.8,118.0148163,4.74892998,0.716,72,62.61043167,7.26668452,3568.639663,5.331108619,25.19,41.34,44.91859452,1.24,1.794,42.45771774,9.855,105682094,106.1651454,28.46597481,33.59406733,95,0,0,0,0,0,0,0,0
Egypt,EGY,2019,71.213,27.4,142.6967011,4.5994668,0.697,72,62.50646591,7.449242879,3701.244634,5.552093071,25.81,41.81,44.62621572,1.19,,42.48120273,7.851,107553158,108.0447617,28.20387077,40.24599244,95,0,0,0,0,0,0,0,0
Egypt,EGY,2020,69.79,26,148.3526917,4.15384626,0.671,71,59.31352997,7.586651749,3770.869479,3.550164839,26.45,42.25,39.74601272,1.11,,42.51815346,7.974,109315124,109.8147813,31.92633438,47.3635777,94,0,0,0,0,0,0,0,0
Egypt,EGY,2021,68.976,26,176.9366455,4.60955143,,71,54.90198135,7.638347021,3837.319923,3.290646012,27.11,42.68,41.51383007,1.06,,42.56860626,7.441,110957008,111.46417,37.67822266,66.66658437,96,0,0,0,0,0,0,0,0
Egypt,EGY,2022,71.01,,171.6785278,4.72362804,,71,53.72835159,7.747727964,4029.782955,6.587845609,27.78,43.1,42.20680928,,,42.6325129,6.546,112618250,113.1330052,35.69905853,61.28761395,97,0,0,0,0,0,0,0,0
Egypt,EGY,2023,71.633,,141.4111176,4.88449335,,71,57.19506836,7.939404599,4111.311848,3.760280523,,43.51,43.14605534,,,42.7098115,6.753,114535772,115.0592918,32.24971008,45.60467351,96,0,0,0,0,0,0,0,0
Tunisia,TUN,2000,72.604,18.6,111.0137863,4.81271935,0.762,61,38.62985992,8.53176151,2864.547037,4.709972914,10.36,16.2,20.74873991,1.71,,63.61666538,14.94,9764935,62.85359809,52.6692276,58.47010699,97,0,0,0,0,0,0,0,0
Tunisia,TUN,2001,72.822,18.4,114.0045471,4.86132765,0.787,61,39.44773865,8.674085791,2941.738936,3.796271662,10.5,16.72,20.43055387,1.69,,63.95417575,14.4,9869677,63.52778708,52.18519592,59.49349291,98,0,0,0,1,0,0,0,0
Tunisia,TUN,2002,73.07,18.2,124.6462097,5.12036419,0.799,62,40.20476532,8.787593856,2950.20411,1.322557148,10.63,17.23,22.22797104,1.67,,64.28225549,14.55,9971515,64.18328399,51.7647171,64.5227548,96,0,0,0,0,0,0,0,0
Tunisia,TUN,2003,73.304,17.8,148.9344788,5.20888519,0.813,63,40.89640045,8.888724449,3058.228958,4.702399533,10.75,17.74,20.05147075,1.67,2.053,64.60559727,14.51,10071632,64.8277034,51.411026,76.56874533,95,0,0,0,0,0,0,0,0
Tunisia,TUN,2004,73.519,17.6,167.2758637,5.19890785,1.311,66,41.51860428,8.982380584,3218.723207,6.235790722,10.88,18.24,19.1917793,1.72,2.807,64.92727415,14.23,10166163,65.43616761,51.12685013,85.52288264,97,0,0,0,0,0,0,0,0
Tunisia,TUN,2005,73.712,17.3,169.8455048,5.14555788,0.919,66,42.11570358,9.06766449,3301.938172,3.486545543,11.02,18.72,18.78885231,1.72,2.6425,65.23409017,12.872,10255472,66.01101957,50.8209343,86.3170726,98,0,0,0,0,1,0,0,0
Tunisia,TUN,2006,73.888,17.1,178.8259277,5.13109922,,67,42.67474365,9.138037272,3444.551353,5.244099832,11.2,19.19,19.06642387,1.74,2.478,65.52098097,12.51,10346410,66.59635685,52.26226425,93.45848136,99,0,0,0,0,1,0,0,0
Tunisia,TUN,2007,74.039,16.8,202.320221,5.17542839,1.011,67,42.86813354,9.194553172,3642.119774,6.709520975,11.4,19.65,19.17985627,1.72,2.3135,65.80000305,12.365,10441702,67.20971936,53.38171768,108.0020135,98,0,0,0,0,1,0,0,0
Tunisia,TUN,2008,74.192,16.6,230.5015259,5.1644063,1.094,67,42.79279327,9.247480359,3760.118285,4.237781475,11.64,20.12,19.56616398,1.78,2.149,66.0676054,12.444,10542635,67.85939109,54.27530289,125.1054027,99,0,0,0,0,0,0,0,0
Tunisia,TUN,2009,74.32,16.5,231.3591156,5.40595293,,68,42.52130127,9.305959224,3835.250119,3.043450124,11.91,20.58,19.2742959,1.8,2.128,66.33621979,13.29,10650681,68.55484681,55.0338707,127.3258742,99,0,0,0,0,0,0,0,0
Tunisia,TUN,2010,74.438,16.4,240.7544708,5.60950756,1.207,69,42.10583115,9.379271913,3906.906259,2.971132751,12.2,21.04,19.46464775,1.82,2.214,66.62800598,13.049,10765980,69.29698764,55.75389099,134.2299875,98,0,0,0,0,0,0,0,0
Tunisia,TUN,2011,74.471,16,270.6750794,6.12299299,,69,41.58300018,9.47011521,3784.74129,-2.046633895,12.5,21.49,19.22351685,1.8,2.311,66.91918862,18.334,10886035,70.06974125,56.41347122,152.6972084,98,0,0,0,0,1,0,0,0
Tunisia,TUN,2012,74.599,15.7,270.2905579,6.28984737,,70,40.97820663,9.58117573,3900.046201,4.216677115,12.81,21.94,17.8799045,1.79,2.408,67.20989227,17.63,11009647,70.86539006,56.96455765,153.9698251,97,0,0,0,0,1,0,0,0
Tunisia,TUN,2013,74.674,15.7,284.6453857,6.51394987,,70,39.06398773,9.722198532,3947.587635,2.429930964,13.14,22.38,17.35500406,1.81,2.505,67.49995422,15.934,11141361,71.71318872,59.0912056,168.2003863,98,0,0,0,0,1,0,0,0
Tunisia,TUN,2014,74.784,15.5,287.6095581,6.45006084,1.253,72,38.00471115,9.917895635,4021.599547,3.090328031,13.48,22.81,19.27884177,1.79,2.602,67.75246434,14.259,11274288,72.56879506,58.13360596,167.1978122,98,0,0,0,0,0,0,0,0
Tunisia,TUN,2015,74.875,15.5,249.4641876,6.21339941,1.285,73,39.67178345,10.19977116,4014.947737,0.9678342056,13.85,23.24,18.07124809,1.8,2.618,67.88079071,15.159,11402264,73.39253347,53.79585648,134.2013903,98,0,0,0,0,0,0,0,0
Tunisia,TUN,2016,75.007,15.4,240.4025879,6.24778175,1.258,73,39.75572586,10.53529619,4015.288938,1.117231964,14.23,23.65,19.16401817,1.79,2.607,68.06233565,15.557,11528674,74.20619207,54.51217651,131.0486859,98,0,0,0,0,0,0,0,0
Tunisia,TUN,2017,75.177,15.4,223.8590393,6.18557453,1.278,74,40.51967239,10.89881386,4062.806065,2.252614376,14.54,24.03,16.5337753,1.81,2.467,68.28778076,15.33,11650498,74.99033213,53.68983078,120.1895445,98,0,0,0,0,0,0,0,0
Tunisia,TUN,2018,75.37,15.3,215.418396,5.9375186,,75,41.91517639,11.33264656,4127.970057,2.606969654,14.8,24.36,18.9546098,1.82,2.29,68.54852403,15.459,11765514,75.73065139,52.09613037,112.2246515,97,0,0,0,0,1,0,0,0
Tunisia,TUN,2019,75.599,15.2,212.6003113,6.02461243,1.299,75,35.57650757,11.86944856,4153.279786,1.55009305,15.05,24.66,16.93235136,1.82,2.113,68.82063826,17.153,11875081,76.43589727,59.20934677,125.8792618,98,0,0,0,0,0,0,0,0
Tunisia,TUN,2020,75.004,15.1,250.4014587,7.05612612,1.315,76,33.44130325,12.4285835,3749.268415,-8.975126229,15.31,24.95,17.00497474,2.42,2.074,69.10431664,17.651,11974057,77.07297245,61.1117897,153.0247951,97,0,0,0,0,0,0,0,0
Tunisia,TUN,2021,72.893,13,285.2524719,7.34183979,1.315,75,37.21665955,12.87267746,3902.53323,4.736036482,15.58,25.23,20.06481814,2.46,2.161,69.39975238,16.632,12048622,77.55292225,56.01768494,159.7918341,97,0,0,0,0,0,0,0,0
Tunisia,TUN,2022,76.05,,276.4638062,7.51270723,,76,36.28980255,13.30720898,3986.545583,2.75228761,15.87,25.51,22.39730969,2.14,,69.70713865,15.3,12119334,78.00807158,52.65161133,145.5626508,97,0,0,0,1,0,0,0,0
Tunisia,TUN,2023,76.508,,317.7098389,7.98537874,,76,37.93983841,13.80487432,3967.333876,0.1840155485,,25.79,18.8747928,1.82,,70.02666865,15.106,12200431,78.53006565,54.08564377,171.8354124,97,0,0,0,0,0,0,0,0
Morocco,MAR,2000,66.794,24,54.63968277,3.69304585,,55,53.86581421,7.013421719,1957.141357,2.582180915,13.22,11.38,18.68162799,0.88,,53.58724711,13.58,28423435,63.68683621,25.35758781,13.8553056,95,0,0,0,0,0,0,0,0
Morocco,MAR,2001,67.2,23.8,56.55395889,3.81601191,0.483,55,53.25442505,7.09940072,2078.966064,7.721825196,13.49,11.8,18.20211142,0.89,,53.89726135,12.46,28814643,64.56339458,26.27703476,14.86070315,96,0,0,0,0,0,0,0,0
Morocco,MAR,2002,67.582,23.5,63.57953644,4.06117535,,56,53.84698105,7.18976796,2127.50708,3.730197375,13.74,12.22,17.39028601,0.89,,54.22274583,11.59,29198142,65.42267981,26.62359238,16.92715658,94,0,0,0,0,0,0,0,0
Morocco,MAR,2003,67.958,23.6,77.74629211,4.08037519,,56,56.20530701,7.2800563,2229.576172,6.17110215,13.99,12.66,17.40589082,0.89,,54.57828111,11.92,29571415,66.25905221,24.45622253,19.01380573,91,0,0,0,0,0,0,0,0
Morocco,MAR,2004,68.272,23.6,91.17259979,4.23211098,0.534,57,57.37558365,7.345425231,2301.081787,4.571380165,14.24,13.1,18.83105542,0.87,0.812,54.97875697,10.83,29953018,67.11408918,23.88543892,21.7769756,97,0,0,0,0,0,0,0,0
Morocco,MAR,2005,68.748,23.6,97.19748688,4.37350655,,58,59.65603256,7.392911367,2342.154785,3.19224973,14.5,13.54,18.85803905,0.86,0.835,55.43977987,11.01,30358144,68.02183285,25.20932388,24.50282996,98,0,0,0,0,1,0,0,0
Morocco,MAR,2006,69.157,23.5,110.2236862,4.56586647,,59,58.74881363,7.464016192,2489.99292,7.79082001,14.76,13.98,19.62473288,0.87,0.858,55.96275896,9.67,30771178,68.94729554,28.51291847,31.42799066,97,0,0,0,0,1,0,0,0
Morocco,MAR,2007,69.62,23.6,131.8644867,4.80759001,0.586,60,57.18305206,7.565443458,2540.615234,3.441067767,15.03,14.43,19.7314629,0.87,0.881,56.53038413,9.56,31186468,69.87781313,29.45763969,38.84416668,95,0,0,0,1,1,0,0,0
Morocco,MAR,2008,70.051,23.3,153.2367706,4.83789158,,61,56.41322708,7.665403846,2648.585693,5.684539363,15.32,14.89,19.59783161,0.87,0.904,57.12541693,9.57,31606767,70.81955411,31.03666687,47.55958554,99,0,0,0,0,1,0,0,0
Morocco,MAR,2009,70.454,23.1,165.5069428,5.27312183,0.646,62,54.49833298,7.758050067,2710.666504,3.745769401,15.62,15.35,20.69131108,0.85,0.927,57.73061891,8.96,32030778,71.76961237,32.63605118,54.01492798,99,0,0,0,0,0,0,0,0
Morocco,MAR,2010,70.821,22.9,168.3659515,5.41861057,,63,55.61273193,7.86509878,2767.042236,3.499557094,15.92,15.82,21.06262331,0.84,0.93775,58.32875165,9.09,32467016,72.747067,32.13038635,54.09662786,99,0,0,0,0,1,0,0,0
Morocco,MAR,2011,71.263,22.9,179.0001984,5.37019396,,64,54.24003983,7.999893367,2879.539307,5.524645233,16.2,16.29,20.01178846,0.83,0.9485,58.90257669,8.91,32912588,73.74543581,33.68819046,60.30192345,99,0,0,0,0,1,0,0,0
Morocco,MAR,2012,71.674,22.7,172.0435333,5.39619017,,64,52.74585342,8.157469836,2927.450439,3.062343685,16.48,16.76,18.16456112,0.83,0.95925,59.4348556,8.99,33355241,74.73726417,34.34552383,59.08925087,99,0,0,0,0,1,0,0,0
Morocco,MAR,2013,72.117,22.6,179.8197479,5.25540543,0.631,65,51.66726685,8.328454518,3008.185547,4.122212869,16.76,17.23,17.28781402,0.82,0.97,59.90834993,9.23,33787571,75.70596236,34.77407074,62.53064233,99,0,0,0,0,0,0,0,0
Morocco,MAR,2014,72.522,22.6,188.6415863,5.41626596,0.913,66,49.15629196,8.528231582,3051.458984,2.71924408,17.05,17.69,17.51287982,0.795,0.944,60.30304862,9.7,34204780,76.64077974,38.73244095,73.06548895,99,0,0,0,1,0,0,0,0
Morocco,MAR,2015,72.894,22.7,162.8519898,5.10435581,,66,48.95444107,8.773741224,3146.247803,4.344582976,17.35,18.15,19.8670944,0.77,1.094,60.64171247,9.46,34607588,77.5433296,38.83265686,63.23974847,99,0,0,0,1,1,0,0,0
Morocco,MAR,2016,73.228,22.6,162.2150726,5.09203386,,66,48.8467865,9.061858031,3124.425049,0.5211855061,17.66,18.61,18.96024755,0.745,1.244,60.96576565,9.3,35023457,78.47514452,39.37893295,63.87855692,99,0,0,0,1,1,0,0,0
Morocco,MAR,2017,73.608,22.6,166.8500061,4.98920393,0.734,66,47.96567535,9.394972722,3242.644287,5.057898162,17.9,19.04,21.32696007,0.72,1.394,61.2761057,9.22,35446392,79.42279184,39.70824814,66.25321817,99,0,0,0,0,0,0,0,0
Morocco,MAR,2018,73.946,22.7,175.7051849,4.94516659,,65,46.98527527,9.769518353,3304.711914,3.06564133,18.06,19.43,18.45715481,0.71,1.3065,61.56958228,9.272,35839760,80.30419001,40.19128036,70.61816222,99,0,0,0,0,1,0,0,0
Morocco,MAR,2019,74.245,22.6,178.7393951,5.020401,,65,46.55796814,10.17469087,3364.739502,2.890974761,18.21,19.79,17.16006886,0.7,1.219,61.84304502,9.191,36210898,81.13577862,40.30397415,72.03907914,99,0,0,0,0,1,0,0,0
Morocco,MAR,2020,73.133,22.6,192.0404358,5.78939486,,65,43.40781021,10.55654302,3090.894287,-7.178207442,18.37,20.14,17.67455482,0.74,1.1315,62.0933436,11.189,36584208,81.97223392,42.58678818,81.78385606,99,0,0,0,0,1,0,0,0
Morocco,MAR,2021,73.385,22,209.5734406,5.45314503,0.74,65,41.79529953,10.92800933,3309.130859,8.154738898,18.55,20.49,18.8808974,0.72,1.044,62.31732766,10.551,36954442,82.801797,41.36471176,86.68943846,98,0,0,0,0,1,0,0,0
Morocco,MAR,2022,75.161,,201.8109894,5.75281,,65,40.54432678,11.3637167,3334.911621,1.812692422,18.75,20.84,21.3232529,0.73,0.9565,62.51184686,9.413,37329064,83.64119202,50.50930405,101.9333267,98,0,0,0,0,1,0,0,0
Morocco,MAR,2023,75.313,,232.2475128,6.06396198,,65,37.25432968,11.83225342,3421.217041,3.65564411,,21.2,18.72065088,0.73,0.869,62.67375084,8.896,37712505,84.5003473,56.53299713,131.2964827,97,0,0,0,0,0,0,0,0
Iraq,IRQ,2000,64.86,27.6,,,,61,,5.785379001,4172.780251,16.79613444,15.5,26.29,48.23306668,,,67.63319138,8.038,24424056,55.84300706,,,80,0,0,0,0,0,0,0,0
Iraq,IRQ,2001,65.292,27,,,0.543,61,,5.709346402,4116.094053,1.766608766,15.81,27.02,43.32237656,,,67.75194152,8.249,25197840,57.61218191,,,78,0,0,0,0,0,0,0,0
Iraq,IRQ,2002,65.724,26.7,,,,62,,5.644369706,3660.925275,-8.203704812,16.13,27.75,44.31502006,,,67.89381017,8.619,26006559,59.46123191,,,77,0,0,0,0,0,0,0,0
Iraq,IRQ,2003,64.834,26.5,26.98275757,2.99693608,,62,54.54956436,5.588769027,2250.069901,-36.65678044,16.45,28.47,47.44185873,,,68.05212718,8.959,26802659,61.28142991,45.25849152,12.21198878,75,0,0,0,0,0,0,0,0
Iraq,IRQ,2004,64.634,26.2,51.81518173,3.90128636,0.658,63,28.61632156,5.541488153,3354.265888,53.38554729,16.79,29.18,44.21719148,1.34,,68.22022238,8.715,27577878,63.05388573,69.86952972,36.20302463,74,0,0,0,0,0,0,0,0
Iraq,IRQ,2005,64.899,25.8,53.0551796,3.01704645,0.66,63,29.04392815,5.500374281,3310.863445,1.675228636,17.16,29.87,48.26204089,1.3,1.32,68.39142562,8.57,28407448,64.95060932,66.96305084,35.52736698,65,0,0,0,0,0,0,0,0
Iraq,IRQ,2006,64.029,25.5,56.76464462,2.49370432,,63,32.58729172,5.463395931,3471.987447,5.638299152,17.56,30.55,47.91928938,1.32,1.1845,68.55906673,8.411,28616515,65.42861879,61.48527145,34.90189629,59,0,0,0,0,1,0,0,0
Iraq,IRQ,2007,64.428,25.5,100.5943375,3.2148056,0.528,63,29.54823112,5.43196006,3565.580541,1.888539362,18,31.23,50.71557059,1.25,1.049,68.71647554,8.646,28391607,64.91439056,63.38371277,63.76042449,57,0,0,0,1,0,0,0,0
Iraq,IRQ,2008,66.465,25.4,139.2884522,3.06604242,,64,21.31552696,5.408335697,3781.780017,8.228107104,18.47,31.9,53.00554911,1.18,1.200833333,68.8569819,8.466,28971036,66.23919336,77.38848877,107.7932295,69,0,0,0,1,1,0,0,0
Iraq,IRQ,2009,67.834,25.2,140.1234436,3.77203989,,64,22.36846352,5.391315957,3768.172843,3.379299094,18.99,32.57,54.02145072,1.11,1.352666667,68.97423285,8.415,30058206,69.20751059,76.67063141,107.4335292,78,0,0,0,0,1,0,0,0
Iraq,IRQ,2010,68.092,24.8,144.5408325,3.23955345,0.636,64,26.03185081,5.378103424,3881.94327,6.402564845,19.52,33.22,57.06670741,1.1,1.5045,69.05829534,8.267,31045366,71.48039694,73.49710846,106.2333359,74,0,0,0,0,1,0,0,0
Iraq,IRQ,2011,68.435,24.5,161.8979034,2.80316377,,67,25.02887917,5.365070444,4030.016869,7.5464712,20.05,33.85,51.6251483,1.2,1.656333333,69.12522339,8.193,32161424,74.05006447,74.24197388,120.1962099,81,0,0,0,1,1,0,0,0
Iraq,IRQ,2012,68.827,24,174.4831238,2.69365859,,68,61.66325378,5.343648187,4387.904691,13.93643017,20.59,34.46,53.09036449,1.3,1.808166667,69.22222137,7.965,33654842,77.48858445,37.45703125,65.35620143,72,0,0,0,0,1,0,0,0
Iraq,IRQ,2013,69.047,23.6,186.7874298,2.80868459,,69,58.57234192,5.341390963,4504.826875,7.628285923,21.14,35.06,51.23611377,1.28,1.96,69.44445038,9.222,35281989,81.27093622,40.81427765,76.23593938,73,0,0,0,0,0,0,0,0
Iraq,IRQ,2014,69.679,23,178.9807129,2.78786659,0.823,68,62.02973557,5.35919345,4446.973432,2.263688176,21.71,35.63,47.48665177,1.1,1.811,69.66666412,10.59,36550059,84.19189502,37.21397781,66.60584828,73,0,0,0,0,0,0,0,0
Iraq,IRQ,2015,69.977,22.5,149.0795136,3.15587044,0.718,67,76.19068909,5.382100228,4440.141893,2.606766429,22.29,36.19,52.53249899,1.086666667,1.582,69.9205246,10.865,37560535,86.51949425,23.15503693,34.51941747,68,0,0,0,1,0,0,0,0
Iraq,IRQ,2016,68.683,22.2,199.8856049,4.57253027,0.707,67,44.25166702,5.429092717,4932.927291,13.78737302,22.88,36.72,49.43132395,1.073333333,1.632,69.91237783,10.82,38469627,88.61355867,55.45582581,110.8482147,71,0,0,0,1,0,0,0,0
Iraq,IRQ,2017,69.788,22,197.2365418,4.08944416,0.8,67,58.04656601,5.51565265,4736.327108,-1.819750351,23.38,37.21,47.54377023,1.06,1.73,69.89445112,13.02,39337353,90.61233784,41.44437027,81.74344886,81,0,0,0,0,0,0,0,0
Iraq,IRQ,2018,71.116,22.2,232.8682556,4.07600641,0.676,66,50.39333344,5.628926254,4749.009218,2.633850991,23.79,37.62,51.71768561,1.06,1.952,69.87651489,13.458,40265624,92.75058047,49.10993195,114.3614471,86,0,0,0,0,0,0,0,0
Iraq,IRQ,2019,71.245,22.4,241.738739,4.207232,0.881,66,50.09696198,5.741917526,4898.148977,5.513790579,24.19,37.99,45.70100215,,2.313,69.86833954,14.096,41192171,94.88441481,49.36284256,119.329111,84,0,0,0,0,0,0,0,0
Iraq,IRQ,2020,69.651,24.6,248.0472565,5.72766161,0.923,67,54.66120911,5.779346358,4213.998438,-12.0367931,24.6,38.34,47.63004461,,2.279,69.86831665,15.766,42116605,97.01380923,45.03430557,111.7063663,74,0,0,0,0,0,0,0,0
Iraq,IRQ,2021,70.704,22.7,251.5953827,5.14179993,0.983,64,49.908741,5.773969325,4182.50064,1.50218071,25.03,38.69,48.79582054,,2.464,69.86827087,16.173,43071211,99.21270357,49.34173965,124.1415429,78,0,0,0,0,0,0,0,0
Iraq,IRQ,2022,72.037,,283.1707459,4.33226347,1.022,66,53.0931778,5.757158037,4412.997331,7.95904805,25.47,39.02,59.52843773,,2.648,69.86828613,15.41,44070551,101.5146408,45.76101685,129.5818182,93,0,0,0,0,0,0,0,0
Iraq,IRQ,2023,72.324,,333.2936096,5.53275251,,64,53.9823761,5.707604596,4337.087053,0.5177055251,,39.35,49.47136622,,,69.8682785,15.239,45074049,103.8261558,46.0176239,153.3738059,91,0,0,0,0,0,0,0,0
Algeria,DZA,2000,70.576,18,61.85785294,3.21485448,,68,25.7945137,7.079664658,3553.324205,3.800000002,12.49,13.4,15.55937288,1.77,,59.85212394,29.77,30903893,12.97534282,71.96343231,44.51503652,86,0,0,0,0,0,0,0,0
Algeria,DZA,2001,71.025,17.7,67.05859375,3.53628588,,68,21.66852379,7.093821684,3610.006056,2.999999999,12.7,13.83,14.43635929,1.75,,60.61771728,27.3,31331221,13.15476122,76.22702026,51.11676805,89,0,0,0,0,0,0,0,0
Algeria,DZA,2002,71.644,17.4,66.681633,3.44169641,1.114,68,22.52488327,7.110533509,3754.660815,5.4,12.89,14.27,15.04112739,1.74,2.197,61.38126586,25.9,31750835,13.33094082,75.27867126,50.197046,86,0,0,0,0,0,0,0,0
Algeria,DZA,2003,71.906,17.4,75.9513092,3.32569361,,68,21.14863777,7.130926401,3945.898161,6.500000001,13.08,14.71,14.13421555,1.77,2.1432,62.1427908,23.72,32175818,13.50937466,76.69419861,58.25024877,87,0,0,0,0,1,0,0,0
Algeria,DZA,2004,72.536,17.1,92.6876297,3.29030514,,68,26.09432602,7.154985136,4066.282048,4.5,13.29,15.14,14.3152404,1.81,2.0894,62.9023132,17.65,32628286,13.69934838,71.35350037,66.13586817,86,0,0,0,0,1,0,0,0
Algeria,DZA,2005,72.836,16.8,100.8369446,3.1188612,1.026,68,28.09361267,7.18225095,4223.602521,5.4,13.51,15.58,14.89135595,1.76,2.0356,63.65985419,15.27,33109249,13.90128603,69.29087067,69.87079668,88,0,0,0,1,1,0,0,0
Algeria,DZA,2006,73.116,16.5,116.7750473,3.18999887,,68,29.12135887,7.208238506,4279.615471,2.899999999,13.75,16.02,16.79948195,1.71,1.9818,64.41543486,12.27,33623506,14.11720255,68.46268463,79.94733251,95,0,0,0,0,1,0,0,0
Algeria,DZA,2007,73.346,16.2,150.8665161,3.62011433,1.195,69,28.08858109,7.225133106,4339.250558,3.100000001,14.01,16.46,17.47390807,1.725,1.928,65.16907633,13.79,34189416,14.35480615,69.78764343,105.2861875,95,0,0,0,1,0,0,0,0
Algeria,DZA,2008,73.618,15.9,206.3720703,3.98331022,,69,26.1469593,7.229309243,4367.56538,2.499999999,14.31,16.91,17.46742397,1.74,1.961222222,65.90148587,11.33,34816961,14.61828789,71.99542236,148.5784402,93,0,0,0,0,1,0,0,0
Algeria,DZA,2009,73.871,15.6,207.2018127,4.89210796,,70,27.44950676,7.227293907,4336.100541,1.2,14.63,17.37,16.90462135,1.74,1.994444444,66.50973846,10.16,35490445,14.90105763,70.88406372,146.8730567,95,0,0,0,0,1,0,0,0
Algeria,DZA,2010,74.144,15.2,227.9539642,4.64001417,,70,28.88244247,7.233878759,4456.610274,4.800000001,14.96,17.83,17.21126287,1.71,2.027666667,67.12350579,9.96,36188236,15.19403293,69.48218536,158.387405,95,0,0,0,0,1,0,0,0
Algeria,DZA,2011,74.383,15.1,285.5020752,4.82567501,,62,27.87346649,7.265948644,4501.354301,2.999999999,15.29,18.29,15.91575353,1.68,2.060888889,67.73440075,9.96,36903376,15.49429241,70.61742401,201.6141888,95,0,0,0,0,1,0,0,0
Algeria,DZA,2012,74.609,14.8,340.0917664,5.63658524,,65,27.21595383,7.339016732,4518.43979,2.4,15.62,18.76,16.13924715,1.66,2.094111111,68.34212586,10.97,37646166,15.80616104,71.45678711,243.0186462,95,0,0,0,0,1,0,0,0
Algeria,DZA,2013,74.809,14.5,337.5734863,5.64541769,,69,29.27841759,7.47152271,4543.23444,2.600000001,15.96,19.23,15.22065852,1.65,2.127333333,68.94638361,9.82,38414171,16.12861647,69.36454773,234.1563173,95,0,0,0,0,1,0,0,0
Algeria,DZA,2014,74.992,14.3,366.5861511,6.01484108,,72,28.56359291,7.664655228,4634.101492,4.099999999,16.32,19.7,16.11656633,1.64,2.160555556,69.54687652,10.207,39205031,16.46066783,70.13742065,257.1140655,95,0,0,0,0,1,0,0,0
Algeria,DZA,2015,75.159,14.2,296.7683411,6.33435678,,72,30.19287682,7.902298572,4685.059027,3.200000001,16.69,20.16,16.03183897,1.62,2.193777778,70.14330709,11.206,40019529,16.80263681,68.50349426,203.2966797,95,0,0,0,0,1,0,0,0
Algeria,DZA,2016,75.31,14.1,265.5349121,6.00080872,1.819,72,32.89492798,8.171819492,4768.731401,3.9,17.07,20.62,16.73029433,1.6,2.227,70.73537783,10.202,40850721,17.15162186,65.71144104,174.4867973,91,0,0,0,0,0,0,0,0
Algeria,DZA,2017,75.431,14.1,270.932312,5.9484539,,71,33.93701172,8.464907562,4742.900755,1.499999999,17.39,21.05,15.3884103,1.61,2.207,71.32279124,12,41689299,17.503708,64.63082886,175.1057838,91,0,0,0,0,0,0,0,0
Algeria,DZA,2018,75.555,14,271.5380859,5.9323926,1.708,70,33.76395798,8.772523544,4717.003589,1.400000001,17.63,21.44,16.05996976,,1.538,71.90524985,12.112,42505035,17.84620368,64.80882263,175.9806211,91,0,0,0,0,0,0,0,0
Algeria,DZA,2019,75.682,14,242.0704956,5.41732121,0.973,64,37.92313004,9.082183145,4672.664087,0.8999999992,17.87,21.81,16.00438379,,0.312,72.48245614,12.302,43294546,18.17769614,60.47232819,146.3856597,88,0,0,0,0,0,0,0,0
Algeria,DZA,2020,73.257,12.7,211.072403,5.63830757,,66,39.6432457,9.316736525,4363.685338,-4.999999999,18.12,22.16,15.34579113,,1.044,73.05411263,14.08,44042091,18.49156121,58.73853683,123.9808432,84,0,0,0,0,1,0,0,0
Algeria,DZA,2021,75.208,13.3,208.9391174,5.02188873,,69,40.50164032,9.535644281,4456.746876,3.799999999,18.38,22.51,16.86692751,,1.776,73.61992183,13.656,44761099,18.79344471,57.21630859,119.5472544,81,0,0,0,0,1,0,0,0
Algeria,DZA,2022,76.129,,180.334549,3.63464284,1.66,70,50.13016129,9.824966179,4544.466881,3.600000001,18.66,22.85,19.18217418,,2.508,74.17958624,12.382,45477389,19.09418702,47.229702,85.17147857,77,0,0,0,0,0,0,0,0
Algeria,DZA,2023,76.261,,233.3794708,4.35082531,,70,45.00216675,10.12460218,4660.405457,4.1,,23.21,16.53946873,,,74.73280836,11.645,46164219,19.38256023,53.07563782,123.8676409,92,0,0,0,0,0,0,0,0
Türkiye,TUR,2000,71.931,22.5,192.8344574,4.59957218,1.303,64,28.60040474,9.08547665,6326.257465,6.985286978,9.49,24.21,25.87828885,,1.699,58.970612,6.495,65425961,85.0096293,61.67596436,118.9325061,85,0,0,0,0,0,0,0,0
Türkiye,TUR,2001,72.271,21.5,148.8621063,4.88784933,1.356,65,23.43206978,9.28279791,5906.923485,-5.459408386,9.73,24.79,26.35055161,,1.725,59.87224614,8.381,66245128,86.073994,67.25136566,100.111799,88,0,0,0,0,0,0,0,0
Türkiye,TUR,2002,72.605,20.5,181.391449,5.06227875,1.371,65,20.32076836,9.486309094,6211.70543,6.435508838,9.95,25.37,27.358885,2.45,1.698,60.73853427,10.358,67048795,87.11821914,69.9743576,126.9275041,78,0,0,0,0,0,0,0,0
Türkiye,TUR,2003,72.906,19.9,232.5562439,5.01427698,1.393,66,18.93056297,9.69525111,6496.072773,5.79909321,10.16,25.91,25.1556972,2.44,1.712,61.58450607,10.542,67831730,88.13550667,71.20713043,165.5966322,68,0,0,0,0,0,0,0,0
Türkiye,TUR,2004,73.223,19.3,292.6530762,4.9096446,1.416,66,20.18101692,9.908671085,7061.622198,9.925405519,10.38,26.43,25.29065794,2.43,1.735,62.43884812,10.838,68592617,89.12414667,71.70464325,209.8458225,85,0,0,0,0,0,0,0,0
Türkiye,TUR,2005,73.51,18.9,357.4019775,4.89389706,1.455,67,24.17697906,10.12504184,7623.146409,9.111577459,10.6,26.89,24.8623084,2.47,1.756,63.33024703,10.636,69329557,90.08167171,67.74803925,242.1255706,90,0,0,0,0,0,0,0,0
Türkiye,TUR,2006,73.804,18.6,409.2588196,5.14591694,1.492,68,23.6489296,10.3402703,8078.515379,7.067626076,10.85,27.31,25.5447918,2.49,1.815,64.28738939,10.227,70045349,91.01171862,68.85150146,281.780829,90,0,0,0,0,0,0,0,0
Türkiye,TUR,2007,74.129,18.2,504.3764648,5.23760796,1.532,69,23.88428879,10.54897629,8477.533284,5.108185139,11.12,27.69,26.02303471,2.52,2.005,65.33896182,10.285,70158112,91.15823448,68.78373718,346.9289946,96,0,0,0,0,0,0,0,0
Türkiye,TUR,2008,74.38,18,561.7352905,5.21761751,1.581,69,19.18195724,10.66511156,8447.939764,0.9201182214,11.43,28.04,25.8316791,2.56,2.062,66.51365089,10.965,71051678,92.3192677,72.69304657,408.3424586,96,0,0,0,0,0,0,0,0
Türkiye,TUR,2009,74.679,18.6,492.3003235,5.49438715,1.637,70,14.5079031,10.69982243,7925.301104,-4.882694017,11.77,28.36,24.78610656,2.6,2.133,67.84014322,14.026,72039206,93.60238816,80.49878693,396.2958001,96,0,0,0,0,0,0,0,0
Türkiye,TUR,2010,74.964,18.6,531.8286133,5.02053452,1.683,71,16.87221718,10.7533141,8472.578091,8.542198485,12.13,28.64,27.40017883,2.73,2.251,69.34712539,11.879,73142150,95.03547159,77.99839783,414.8178018,97,0,0,0,0,0,0,0,0
Türkiye,TUR,2011,74.823,18.5,525.8910523,4.6530509,1.698,72,15.89518452,10.8086953,9265.859102,10.97996253,12.48,28.9,26.23227014,2.62,2.383,71.00287235,9.789,74223629,96.44066499,79.12835693,416.1225638,97,0,0,0,0,0,0,0,0
Türkiye,TUR,2012,75.552,18.2,520.442749,4.44444656,1.726,74,15.9315958,10.86716774,9588.320665,4.807626966,12.85,29.13,25.85325679,2.66,2.505,73.77886802,9.21,75175827,97.67788028,79.17140961,412.041856,97,0,0,0,0,0,0,0,0
Türkiye,TUR,2013,76.171,18,547.9546509,4.37099934,1.751,74,16.92680168,10.95313521,10269.44891,8.488256893,13.23,29.33,27.05103662,2.64,2.526,78.52183684,9.713,76147624,98.94056105,78.34962463,429.3257948,98,0,0,0,0,0,0,0,0
Türkiye,TUR,2014,76.452,17.9,520.4075317,4.32517862,1.738,74,17.72542191,11.03415889,10597.98019,4.600794473,13.63,29.49,27.1304266,2.65,2.502,83.60248507,9.901,77181884,100.2844016,77.60512543,403.8646702,96,0,0,0,0,0,0,0,0
Türkiye,TUR,2015,76.539,17.7,444.7080383,4.11690426,1.765,75,16.94873238,11.11874126,11064.64945,5.805573866,14.06,29.61,27.86286992,2.62,2.573,87.2167108,10.304,78218479,101.6312761,78.13336182,347.4646242,97,0,0,0,0,0,0,0,0
Türkiye,TUR,2016,76.595,17.4,456.3659668,4.28469229,1.774,75,16.46614456,11.29735081,11279.61695,3.323665082,14.52,29.71,25.06960091,2.67,2.516,88.10209586,10.899,79277962,103.0078895,78.44212341,357.9841192,98,0,0,0,0,0,0,0,0
Türkiye,TUR,2017,77.037,17,432.1375427,4.17974997,1.805,76,17.38420105,11.56143561,12005.64598,7.8258573,14.91,29.73,26.64526971,2.72,2.647,88.03204727,10.919,80312698,104.3523485,77.71027374,335.8162825,96,0,0,0,0,0,0,0,0
Türkiye,TUR,2018,77.454,16.7,380.2783508,4.12101603,1.814,75,17.49141884,11.8938987,12255.00821,3.468153061,15.25,29.68,26.33000405,2.75,2.924,88.16557496,10.956,81407204,105.7744683,77.38227081,294.2680055,98,0,0,0,0,0,0,0,0
Türkiye,TUR,2019,77.737,16.6,388.6748657,4.35954332,1.884,76,17.04763412,12.43897794,12238.29502,1.301623655,15.57,29.57,26.32689272,2.78,2.977,88.66181529,13.73,82579440,107.2975846,77.68532562,301.9433535,99,0,0,0,0,0,0,0,0
Türkiye,TUR,2020,76.525,15.2,386.2593689,4.61640215,1.989,77,16.43061447,13.13074384,12338.64383,1.803062471,15.91,29.43,25.16529092,2.92,3.326,88.9303115,13.148,83384680,108.3438535,78.84537506,304.5476483,98,0,0,0,0,0,0,0,0
Türkiye,TUR,2021,75.722,15.4,431.3397827,4.56065559,2.118,77,16.27120399,13.77934399,13670.93803,11.81109445,16.25,29.26,25.22422028,2.94,3.349,89.17620482,11.969,84147318,109.3347687,78.80183411,339.9036684,95,0,0,0,0,0,0,0,0
Türkiye,TUR,2022,77.591,,385.8799744,3.70338893,2.236,77,19.47843933,14.27437009,14273.57477,5.441225113,16.61,29.1,27.69166085,3.01,3.483,89.03811646,10.465,84979913,110.4165807,75.15867615,290.0222983,99,0,0,0,0,0,0,0,0
Türkiye,TUR,2023,77.156,,547.8145752,4.27524424,,77,19.04723167,14.67303152,14932.88514,5.045123698,,28.93,26.4041601,3.05,,89.02184468,9.388,85325965,110.8662149,75.92346191,415.9197609,99,0,0,0,0,0,0,0,0
Iran,IRN,2000,70.166,18.9,79.89089203,4.72250843,,68,59.60016251,6.744200244,3885.301834,5.845527476,8.35,14.88,36.64655606,,,64.47801208,11.698,66418659,40.77866537,37.70975113,30.12665695,99,0,0,0,0,0,0,0,0
Iran,IRN,2001,70.619,18.5,93.23036957,5.16087341,,69,59.23665619,6.722523283,3917.299355,2.392172712,8.57,15.37,36.47237703,1.62,,65.21686554,12.362,67452005,41.41310261,38.25937271,35.66935466,96,0,0,0,0,0,0,0,0
Iran,IRN,2002,71.112,18.2,104.6412811,4.65182209,,69,54.74597549,6.780303268,4198.953561,8.07882928,8.81,15.86,35.36236245,1.63,,65.92716217,12.8,68011317,41.75650004,39.26384735,41.08619166,99,0,0,0,0,0,0,0,0
Iran,IRN,2003,70.464,17.7,115.5190735,4.95589161,,69,54.06885147,6.829827342,4511.43134,8.639298397,9.06,16.34,38.55412781,1.62,,66.60492706,11.529,68769340,42.22189887,39.40636063,45.52186244,99,0,0,0,0,0,0,0,0
Iran,IRN,2004,72.04,17.5,139.7593231,5.12801409,0.865,70,56.55964279,6.805997304,4607.451691,4.336665979,9.33,16.8,34.95551853,1.6,1.37,67.25673676,10.3,70256316,43.1348486,36.43323898,50.91885105,99,0,0,0,0,0,0,0,0
Iran,IRN,2005,72.446,17.2,169.8145752,5.29996157,0.861,70,56.094944,6.78703144,4650.358415,3.189804087,9.62,17.25,35.14018471,1.58,1.365,67.87088013,11.813,71828455,44.10008534,36.86399078,62.60042672,95,0,0,0,0,0,0,0,0
Iran,IRN,2006,72.895,16.9,192.0759735,5.15990877,0.515,70,51.68798828,6.785134785,4778.793458,4.999795262,9.93,17.68,38.44839976,1.59,1.624,68.31018505,11.519,73392747,45.06050431,41.67243958,80.04274357,98,0,0,0,0,0,0,0,0
Iran,IRN,2007,73.299,16.6,237.5104218,4.91188192,,71,53.21485901,6.838656442,5084.71796,8.155773524,10.27,18.1,40.88468844,1.61,1.6796,68.80618993,10.772,74602648,45.80333996,39.82310104,94.5840196,99,0,0,0,0,1,0,0,0
Iran,IRN,2008,73.683,16.2,288.8577576,5.03990459,,72,55.47851181,6.944103074,5035.940085,0.2508565535,10.63,18.52,42.10402744,1.6,1.7352,69.3790073,10.63,75514204,46.36300253,37.07612228,107.0972639,99,0,0,0,0,1,0,0,0
Iran,IRN,2009,74.041,15.8,354.2573853,6.11493444,,72,56.02760696,7.072581149,5023.893144,1.007385458,11.02,18.94,42.9215968,1.5,1.7908,69.99007684,12.113,76457825,46.94235185,36.65011978,129.8357596,99,0,0,0,0,1,0,0,0
Iran,IRN,2010,74.39,15.2,424.60495,6.29153061,,73,59.39722061,7.226477394,5249.061334,5.797938302,11.42,19.35,43.28367554,1.64,1.8464,70.60926268,13.679,77420842,47.53360962,32.35562897,137.3836042,99,0,0,0,0,1,0,0,0
Iran,IRN,2011,74.721,14.9,505.3327637,6.09787989,,73,57.52153397,7.408132753,5321.758707,2.645717918,11.82,19.77,42.45234028,1.32,1.902,71.20405094,12.491,78383598,48.12470714,33.31314087,168.3422151,99,0,0,0,0,0,0,0,0
Iran,IRN,2012,75.039,14.9,500.2182617,6.12235355,,76,54.96147537,7.615608705,5058.646378,-3.747171399,12.22,20.18,40.61838955,1.65,1.763666667,71.7633634,12.275,79370580,48.73067855,33.5519104,167.8327822,99,0,0,0,0,1,0,0,0
Iran,IRN,2013,75.349,15,412.0278626,5.73697805,,77,47.86219025,7.845371584,4916.972919,-1.521979205,12.64,20.61,39.79509644,1.72,1.625333333,72.30308735,10.595,80414686,49.37172205,37.90558624,156.1815818,98,0,0,0,0,1,0,0,0
Iran,IRN,2014,75.635,15.2,395.027771,6.81539536,1.43,77,40.10943604,8.14872592,5093.203197,4.984775067,13.09,21.05,39.64026805,1.78,1.487,72.83240704,10.68,81502045,50.03932132,48.08059692,189.9317243,99,0,0,0,0,0,0,0,0
Iran,IRN,2015,75.907,15.3,423.2896729,8.38232708,1.095,77,38.95087051,8.531818372,4952.733555,-1.424884939,13.55,21.5,40.79950755,1.79,1.796,73.35614036,11.166,82619362,50.72531374,50.31786728,212.9903304,98,0,0,0,0,0,0,0,0
Iran,IRN,2016,76.155,15.2,433.9196167,7.80285025,,78,36.55317688,8.93238653,5312.61725,8.815086643,14.04,21.98,39.6507105,1.88,2.145,73.87961001,12.618,83812228,51.45769051,52.8751564,229.4356811,99,0,0,0,0,1,0,0,0
Iran,IRN,2017,76.396,15.1,457.2254944,7.71801233,1.071,78,32.80345154,9.339704079,5395.23984,3.026854687,14.34,22.42,40.09236289,1.9,2.494,74.40118408,12.232,85026754,52.40477904,54.3501091,248.5025523,99,0,0,0,0,0,0,0,0
Iran,IRN,2018,76.621,14.9,244.2166138,6.63571692,1.505,79,39.99976349,9.75212744,5127.224954,-3.747960157,14.45,22.78,41.7863694,1.93,1.973,74.80342865,12.195,86117998,53.07734854,47.77267075,116.6687932,99,0,0,0,0,0,0,0,0
Iran,IRN,2019,76.855,14.9,223.6425781,6.23426771,,80,39.13536072,10.1576571,4952.456691,-2.361435388,14.51,23.1,39.35672179,1.85,2.1536,75.20388794,10.74,87051648,53.65278767,44.1107254,98.65036151,99,0,0,0,0,1,0,0,0
Iran,IRN,2020,74.141,13.9,184.9091492,4.96098137,,80,37.40495682,10.47786135,5132.824308,4.441808654,14.57,23.4,38.76454839,,2.3342,75.59864044,9.687,87723443,54.06683698,49.89759827,92.26521895,99,0,0,0,0,1,0,0,0
Iran,IRN,2021,73.752,13.9,196.669342,4.85886621,,81,41.70082092,10.72524287,5300.62272,4.13089685,14.64,23.7,41.08827891,,2.5148,75.99263763,9.282,88455488,54.51802034,46.86421967,92.16755425,98,0,0,0,0,1,0,0,0
Iran,IRN,2022,76.799,,250.2327271,5.62794113,,81,41.58701706,11.03257638,5465.314475,4.352810875,14.71,23.98,43.89573407,,2.6954,76.33422089,9.085,89524246,55.17673097,46.72981644,116.933302,99,0,0,0,0,1,0,0,0
Iran,IRN,2023,77.654,,267.059021,6.02542305,1.811,81,43.14528656,11.43197106,5687.843963,5.332351161,,24.27,40.24538977,,2.876,76.67595673,8.129,90608707,55.84511988,46.72418594,124.7811625,99,0,0,0,0,0,0,0,0
Libya,LBY,2000,70.542,20,247.1134491,3.31908512,,66,51.29111099,5.73180354,10853.80595,3.679270408,17.5,23.82,22.87370511,4.12,,86.95085137,19.275,5305021,3.01500449,48.70888901,120.3662122,94,0,0,0,0,0,0,0,0
Libya,LBY,2001,70.653,20.9,255.7710877,3.92571616,,67,45.52794266,5.829491925,10467.87761,-1.762838871,18.03,24.59,24.78861602,3.85,,87.31944559,19.239,5403639,3.071052093,54.47205734,139.3237732,94,0,0,0,0,0,0,0,0
Libya,LBY,2002,70.788,21.2,181.7310791,4.73818302,,67,33.08924103,5.907341051,10170.30958,-0.9588973328,18.56,25.37,23.63694059,3.9,,87.62561928,19.281,5508410,3.130596633,66.91075897,121.5976452,93,0,0,0,0,0,0,0,0
Libya,LBY,2003,70.996,21.4,189.7272949,3.97301245,,67,33.75513458,5.94957033,11267.06276,13.01603725,19.1,26.14,25.36473478,3.9,,87.86598805,19.074,5619398,3.193674483,66.24486542,125.684597,95,0,0,0,0,0,0,0,0
Libya,LBY,2004,71.21,20.9,200.8360443,3.38328195,1.232,67,34.21350861,5.995169765,11529.10866,4.461638996,19.65,26.9,26.62989317,3.9,4.734,88.03716753,18.938,5736693,3.260336793,65.78649139,132.1229845,97,0,0,0,0,0,0,0,0
Libya,LBY,2005,71.439,20.9,209.878479,2.51707149,,68,35.34671783,6.057675245,12628.89615,11.87075652,20.2,27.65,27.44659452,3.4,4.89325,88.13577332,18.66,5858798,3.329732771,64.65328217,135.693324,98,0,0,0,0,1,0,0,0
Libya,LBY,2006,71.632,20.1,231.1196899,2.29996443,,68,34.62698746,6.059690976,13176.77589,6.50052542,20.76,28.28,23.03764476,3.7,5.0525,88.15995602,18.805,5980211,3.398735465,65.3585968,151.0565931,98,0,0,0,0,1,0,0,0
Libya,LBY,2007,71.788,20.6,269.6308594,2.41929626,,68,33.44186401,6.057401722,13712.96026,6.229982786,21.32,28.8,23.1600443,3.7,5.21175,88.15602875,18.771,6104380,3.469304477,66.52918243,179.3832026,98,0,0,0,0,1,0,0,0
Libya,LBY,2008,71.936,20.7,312.111969,2.24441886,1.79,68,32.26567841,6.072678633,13403.00046,-0.1620482388,21.9,29.3,24.50419491,3.7,5.371,88.14744568,19.041,6235430,3.543784171,67.65815735,211.1691968,98,0,0,0,0,0,0,0,0
Libya,LBY,2009,72.071,20.6,342.2044983,3.5828805,1.886,68,31.10063171,6.078458142,12549.08543,-4.400181763,22.49,29.79,25.06048941,3.7,6.751,88.13458252,19.29,6366686,3.61838094,68.7928009,235.4120558,98,0,0,0,0,0,0,0,0
Libya,LBY,2010,72.196,20,380.585968,3.28064442,,69,29.97363663,6.097250153,12913.93349,5.027247672,23.06,30.26,28.72373591,3.7,6.80775,88.11771393,19.321,6497839,3.692919172,69.93810272,266.1746124,98,0,0,0,0,1,0,0,0
Libya,LBY,2011,69.95,20.6,305.2003784,4.01902008,,69,36.66828537,6.467306993,6569.594776,-50.33851514,23.6,30.7,21.99326354,3.7,6.8645,88.0970459,19.504,6343203,3.605034839,63.29393005,193.1733131,98,0,0,0,0,1,0,0,0
Libya,LBY,2012,72.188,19.5,592.463562,3.95612097,,68,26.10513496,6.856163272,12599.25888,86.82674844,24.12,31.13,19.59898723,3.7,6.92125,88.07279205,19.03,6179328,3.511899701,73.7844162,437.14578,98,0,0,0,0,1,0,0,0
Libya,LBY,2013,72.339,18.7,594.6533814,4.97548628,,70,26.54751015,6.832079814,10126.31493,-17.99796157,24.63,31.51,26.00070983,3.7,6.978,88.04514313,19.311,6304628,3.583111495,73.39673615,436.4561856,96,0,0,0,0,0,0,0,0
Libya,LBY,2014,71.3,19.9,462.1921692,5.17777824,2.037,70,33.62598038,6.854984063,7644.248439,-23.04280583,25.13,31.88,21.04893621,3.7,6.724,88.01420593,19.295,6427252,3.652802437,66.22792816,306.1003074,94,0,0,0,0,0,0,0,0
Libya,LBY,2015,71.644,20.4,433.0680847,5.80638647,1.861,71,30.7180233,6.943260216,7458.489178,-0.8426562521,25.64,32.22,19.94654562,3.7,6.608333333,87.81591034,19.69,6531819,3.712231038,69.26644135,299.970847,97,0,0,0,0,1,0,0,0
Libya,LBY,2016,71.799,20.9,464.4753113,6.17178679,,71,32.49470139,7.030829646,7236.164099,-1.490941117,26.15,32.54,23.80231264,3.7,6.492666667,87.81600567,19.559,6632126,3.769238551,67.48332214,313.4433661,97,0,0,0,0,1,0,0,0
Libya,LBY,2017,72.721,21.3,466.0853882,4.67685318,2.042,71,33.7814064,7.078845536,9435.6006,32.49180219,26.55,32.8,18.55297152,3.2,6.377,87.81667299,19.053,6738770,3.829847574,66.1840744,308.4742971,97,0,0,0,0,0,0,0,0
Libya,LBY,2018,73.151,21.4,544.8807983,4.86648417,,68,28.24106407,7.078215061,10020.91658,7.941367853,26.85,32.98,23.41796563,3.2,,87.81848428,18.865,6849055,3.892525887,71.54103851,389.8133523,73,0,0,0,0,0,0,0,0
Libya,LBY,2019,72.941,20.9,552.7316895,5.54773426,,70,28.01715851,7.061973022,8768.410487,-11.19608289,27.13,33.13,20.00897536,3.2,,87.82201152,19.087,6951033,3.950483081,71.29649353,394.0782725,73,0,0,0,0,0,0,0,0
Libya,LBY,2020,72.388,20.7,472.622406,7.10674047,,71,21.1413517,7.05179476,6102.79864,-29.45529673,27.41,33.26,18.86049953,3.2,,87.82782671,19.651,7045399,4.004114143,78.61562347,371.5550305,73,0,0,0,0,0,0,0,0
Libya,LBY,2021,72.062,19.8,298.8433838,6.05457449,,69,24.39114189,7.04511392,7731.354482,28.29968234,27.7,33.37,22.04819823,3.2,,87.83650183,19.779,7135175,4.05513657,73.86416626,220.7381577,73,0,0,0,0,0,0,0,0
Libya,LBY,2022,74.462,,284.0262146,4.74433613,,71,31.84949112,7.115044255,7002.681893,-8.299818112,28,33.47,23.18471682,3.5,,87.84860886,19.238,7223805,4.10550769,66.36248779,188.4868454,73,0,0,0,0,0,0,0,0
Libya,LBY,2023,69.339,,470.4034729,7.80515862,,71,19.17657852,7.263359795,7630.496649,10.20004979,,33.56,20.01449273,,,87.86471979,18.713,7305659,4.152027803,80.14811707,377.019511,73,0,0,0,0,0,0,0,0